Food_ID,Commodity,Category,Moisture_pct,Fat_pct,Protein_pct,pH,Respiration_Rate,Shelf_Life_Days,Storage_Temperature_C,Relative_Humidity_pct,Storage_Type,Transportation,Recommended_Packaging,Film_Thickness_um,OTR_Class,WVTR_Class,MAP_Suitable
F00001,Potato Chips,Snacks,2.15,29.88,6.12,6.38,Very_Low,178,24.9,72,Ambient,Long_Distance,Metallized_PET_PE,84,Low,Very_Low,Yes
F00002,Milk Powder,Dairy,4.02,25.88,26.02,6.55,Very_Low,355,24.9,61,Ambient,Long_Distance,Aluminum_Laminate,96,Very_Low,Very_Low,No
F00003,Tomato,Fresh Produce,101.08,0.24,0.91,4.24,High,13,5.5,87,Chilled,Refrigerated,Micro_Perforated_PE,37,High,High,Yes
F00004,Apple,Fresh Produce,88.04,0.36,0.26,3.55,High,56,4.8,81,Chilled,Long_Distance,Micro_Perforated_PE,48,High,High,Yes
F00005,Biscuits,Bakery,3.6,18.11,7.16,7.02,Very_Low,179,24.8,48,Ambient,Normal,BOPP_PE,56,Low,Low,No
F00006,Fresh Chicken,Meat,72.83,8.02,21.96,5.89,Very_Low,4,3.7,84,Chilled,Normal,PA_PE_Vacuum,89,Low,Very_Low,Yes
F00007,Frozen Peas,Frozen Vegetable,80.15,0.49,5.54,6.29,Low,361,-18.6,72,Frozen,Long_Distance,PE_Film,75,Medium,Low,Yes
F00008,Coffee Powder,Beverage,3.44,14.49,14.4,5.21,Very_Low,373,24.2,62,Ambient,Normal,Metallized_PET_PE,80,Very_Low,Very_Low,No
F00009,Peanuts,Nuts,6.11,51.26,24.97,6.69,Very_Low,156,25.4,60,Ambient,Long_Distance,Metallized_PET_PE,79,Very_Low,Very_Low,No
F00010,Cheese,Dairy,38.66,33.57,25.22,5.08,Very_Low,56,4.1,86,Chilled,Refrigerated,PA_PE_Vacuum,93,Low,Very_Low,Yes
F00011,Bread,Bakery,38.48,4.14,9.07,5.54,Very_Low,8,25.1,57,Ambient,Normal,LDPE_Bag,53,Medium,Medium,No
F00012,Mango,Fresh Produce,85.78,0.27,0.71,3.94,High,20,11.5,76,Chilled,Refrigerated,Breathable_PE,45,High,High,Yes
F00013,Carrot,Fresh Produce,86.94,0.14,0.69,6.15,High,30,5.0,91,Chilled,Refrigerated,Micro_Perforated_PE,35,High,High,Yes
F00014,Onion,Vegetable,86.61,0.0,1.11,5.45,Low,116,20.0,63,Ambient,Normal,Breathable_PP,49,High,Medium,Yes
F00015,Rice,Grain,12.1,0.9,7.41,6.27,Very_Low,351,25.1,49,Ambient,Long_Distance,HDPE,77,Low,Low,No
F00016,Wheat Flour,Grain,12.42,1.36,13.23,6.36,Very_Low,171,24.7,60,Ambient,Normal,HDPE,77,Low,Low,No
F00017,Ground Coffee,Beverage,3.22,14.57,13.77,5.13,Very_Low,373,23.8,63,Ambient,Normal,High_Barrier_Laminate,95,Very_Low,Very_Low,No
F00018,Butter,Dairy,15.86,82.35,1.1,6.26,Very_Low,128,5.3,82,Chilled,Normal,Aluminum_Foil_Laminate,89,Very_Low,Very_Low,No
F00019,Yogurt,Dairy,87.57,3.08,3.85,4.24,Very_Low,31,4.1,87,Chilled,Refrigerated,PP_Cup_Foil_Lid,52,Medium,Low,Yes
F00020,Fish,Seafood,76.6,5.27,20.34,6.18,Very_Low,5,1.0,86,Chilled,Normal,PA_PE_Vacuum,90,Low,Very_Low,Yes
F00021,Potato Chips,Snacks,2.0,29.66,5.92,6.07,Very_Low,188,25.5,63,Ambient,Normal,Metallized_PET_PE,71,Low,Very_Low,Yes
F00022,Milk Powder,Dairy,3.59,25.4,26.69,6.57,Very_Low,387,25.3,81,Ambient,Long_Distance,Aluminum_Laminate,100,Very_Low,Very_Low,No
F00023,Tomato,Fresh Produce,94.11,0.25,1.18,4.3,High,14,5.1,89,Chilled,Normal,Micro_Perforated_PE,38,High,High,Yes
F00024,Apple,Fresh Produce,85.73,0.23,0.51,3.69,High,57,4.7,84,Chilled,Long_Distance,Micro_Perforated_PE,31,High,High,Yes
F00025,Biscuits,Bakery,4.21,18.05,7.13,7.21,Very_Low,182,24.6,68,Ambient,Normal,BOPP_PE,60,Low,Low,No
F00026,Fresh Chicken,Meat,72.81,8.43,22.54,5.6,Very_Low,6,3.3,75,Chilled,Long_Distance,PA_PE_Vacuum,92,Low,Very_Low,Yes
F00027,Frozen Peas,Frozen Vegetable,79.46,0.42,5.21,6.02,Low,368,-18.9,84,Frozen,Normal,PE_Film,67,Medium,Low,Yes
F00028,Coffee Powder,Beverage,2.88,15.27,13.16,5.05,Very_Low,355,25.4,59,Ambient,Long_Distance,Metallized_PET_PE,83,Very_Low,Very_Low,No
F00029,Peanuts,Nuts,6.01,48.04,26.61,6.58,Very_Low,162,25.1,54,Ambient,Long_Distance,Metallized_PET_PE,84,Very_Low,Very_Low,No
F00030,Cheese,Dairy,36.21,33.83,26.34,5.12,Very_Low,55,3.8,86,Chilled,Normal,PA_PE_Vacuum,93,Low,Very_Low,Yes
F00031,Bread,Bakery,38.36,4.2,8.64,5.72,Very_Low,6,24.4,58,Ambient,Long_Distance,LDPE_Bag,59,Medium,Medium,No
F00032,Mango,Fresh Produce,85.47,0.46,0.75,3.75,High,21,10.1,85,Chilled,Normal,Breathable_PE,44,High,High,Yes
F00033,Carrot,Fresh Produce,90.14,0.35,0.93,6.11,High,31,5.5,76,Chilled,Normal,Micro_Perforated_PE,41,High,High,Yes
F00034,Onion,Vegetable,90.53,0.11,1.14,5.49,Low,117,20.1,67,Ambient,Long_Distance,Breathable_PP,48,High,Medium,Yes
F00035,Rice,Grain,11.63,0.62,7.41,6.5,Very_Low,375,24.9,59,Ambient,Normal,HDPE,77,Low,Low,No
F00036,Wheat Flour,Grain,11.75,1.44,13.29,6.17,Very_Low,180,25.1,70,Ambient,Long_Distance,HDPE,77,Low,Low,No
F00037,Ground Coffee,Beverage,3.05,15.48,14.32,4.87,Very_Low,349,25.4,65,Ambient,Long_Distance,High_Barrier_Laminate,79,Very_Low,Very_Low,No
F00038,Butter,Dairy,15.79,83.31,0.98,6.3,Very_Low,118,3.7,95,Chilled,Normal,Aluminum_Foil_Laminate,95,Very_Low,Very_Low,No
F00039,Yogurt,Dairy,87.44,2.92,3.83,4.43,Very_Low,33,4.2,85,Chilled,Long_Distance,PP_Cup_Foil_Lid,50,Medium,Low,Yes
F00040,Fish,Seafood,75.46,4.92,19.72,6.23,Very_Low,4,1.3,79,Chilled,Normal,PA_PE_Vacuum,89,Low,Very_Low,Yes
F00041,Potato Chips,Snacks,2.44,29.21,5.86,6.06,Very_Low,166,24.8,71,Ambient,Long_Distance,Metallized_PET_PE,70,Low,Very_Low,Yes
F00042,Milk Powder,Dairy,4.38,26.6,26.38,6.61,Very_Low,339,24.6,57,Ambient,Long_Distance,Aluminum_Laminate,102,Very_Low,Very_Low,No
F00043,Tomato,Fresh Produce,90.5,0.26,0.88,4.33,High,14,5.1,81,Chilled,Refrigerated,Micro_Perforated_PE,37,High,High,Yes
F00044,Apple,Fresh Produce,90.63,0.12,0.39,3.52,High,67,4.6,78,Chilled,Long_Distance,Micro_Perforated_PE,37,High,High,Yes
F00045,Biscuits,Bakery,3.59,17.7,6.83,6.84,Very_Low,177,24.2,73,Ambient,Long_Distance,BOPP_PE,53,Low,Low,No
F00046,Fresh Chicken,Meat,73.34,8.35,23.48,5.78,Very_Low,5,3.9,87,Chilled,Refrigerated,PA_PE_Vacuum,85,Low,Very_Low,Yes
F00047,Frozen Peas,Frozen Vegetable,81.28,0.36,5.29,6.21,Low,371,-16.1,87,Frozen,Normal,PE_Film,71,Medium,Low,Yes
F00048,Coffee Powder,Beverage,2.86,15.28,13.55,4.98,Very_Low,367,25.3,65,Ambient,Long_Distance,Metallized_PET_PE,74,Very_Low,Very_Low,No
F00049,Peanuts,Nuts,6.0,48.37,25.96,6.49,Very_Low,188,24.7,63,Ambient,Normal,Metallized_PET_PE,87,Very_Low,Very_Low,No
F00050,Cheese,Dairy,38.38,33.87,24.67,5.16,Very_Low,55,4.7,92,Chilled,Normal,PA_PE_Vacuum,89,Low,Very_Low,Yes
F00051,Bread,Bakery,39.43,4.01,9.44,5.33,Very_Low,5,25.0,63,Ambient,Normal,LDPE_Bag,50,Medium,Medium,No
F00052,Mango,Fresh Produce,81.59,0.34,0.62,4.11,High,19,11.0,70,Chilled,Normal,Breathable_PE,47,High,High,Yes
F00053,Carrot,Fresh Produce,87.86,0.3,0.8,6.06,High,29,4.6,84,Chilled,Long_Distance,Micro_Perforated_PE,35,High,High,Yes
F00054,Onion,Vegetable,86.29,0.0,1.1,5.39,Low,121,21.0,56,Ambient,Normal,Breathable_PP,45,High,Medium,Yes
F00055,Rice,Grain,12.26,0.64,6.85,6.57,Very_Low,355,24.4,78,Ambient,Normal,HDPE,78,Low,Low,No
F00056,Wheat Flour,Grain,12.53,1.53,13.16,6.01,Very_Low,184,25.3,50,Ambient,Long_Distance,HDPE,72,Low,Low,No
F00057,Ground Coffee,Beverage,2.77,14.36,13.73,4.87,Very_Low,396,25.4,59,Ambient,Normal,High_Barrier_Laminate,97,Very_Low,Very_Low,No
F00058,Butter,Dairy,16.63,82.35,1.21,6.37,Very_Low,108,4.5,90,Chilled,Long_Distance,Aluminum_Foil_Laminate,89,Very_Low,Very_Low,No
F00059,Yogurt,Dairy,86.98,2.84,4.06,4.38,Very_Low,30,2.9,91,Chilled,Refrigerated,PP_Cup_Foil_Lid,51,Medium,Low,Yes
F00060,Fish,Seafood,73.92,5.11,20.3,6.08,Very_Low,5,2.4,71,Chilled,Normal,PA_PE_Vacuum,93,Low,Very_Low,Yes
F00061,Potato Chips,Snacks,1.83,29.1,6.05,5.87,Very_Low,176,24.8,47,Ambient,Normal,Metallized_PET_PE,84,Low,Very_Low,Yes
F00062,Milk Powder,Dairy,4.23,26.01,26.69,6.4,Very_Low,351,23.9,75,Ambient,Long_Distance,Aluminum_Laminate,110,Very_Low,Very_Low,No
F00063,Tomato,Fresh Produce,97.39,0.14,0.98,4.16,High,15,5.7,65,Chilled,Long_Distance,Micro_Perforated_PE,36,High,High,Yes
F00064,Apple,Fresh Produce,84.8,0.35,0.25,3.35,High,61,5.2,89,Chilled,Long_Distance,Micro_Perforated_PE,43,High,High,Yes
F00065,Biscuits,Bakery,3.87,18.25,7.14,6.85,Very_Low,178,25.3,73,Ambient,Long_Distance,BOPP_PE,64,Low,Low,No
F00066,Fresh Chicken,Meat,68.33,7.76,21.71,5.76,Very_Low,5,4.8,87,Chilled,Refrigerated,PA_PE_Vacuum,89,Low,Very_Low,Yes
F00067,Frozen Peas,Frozen Vegetable,77.52,0.41,5.44,6.02,Low,331,-18.8,92,Frozen,Long_Distance,PE_Film,75,Medium,Low,Yes
F00068,Coffee Powder,Beverage,3.15,15.56,14.41,5.01,Very_Low,356,25.2,51,Ambient,Normal,Metallized_PET_PE,76,Very_Low,Very_Low,No
F00069,Peanuts,Nuts,5.89,48.37,24.96,6.72,Very_Low,176,25.1,42,Ambient,Normal,Metallized_PET_PE,83,Very_Low,Very_Low,No
F00070,Cheese,Dairy,36.75,32.03,24.67,5.25,Very_Low,62,3.5,91,Chilled,Refrigerated,PA_PE_Vacuum,97,Low,Very_Low,Yes
F00071,Bread,Bakery,39.62,4.06,9.32,5.54,Very_Low,7,25.2,56,Ambient,Long_Distance,LDPE_Bag,43,Medium,Medium,No
F00072,Mango,Fresh Produce,84.38,0.66,0.78,4.01,High,23,10.3,86,Chilled,Long_Distance,Breathable_PE,42,High,High,Yes
F00073,Carrot,Fresh Produce,86.67,0.33,0.84,5.94,High,31,4.8,75,Chilled,Refrigerated,Micro_Perforated_PE,35,High,High,Yes
F00074,Onion,Vegetable,85.23,0.25,1.08,5.45,Low,114,19.2,66,Ambient,Long_Distance,Breathable_PP,50,High,Medium,Yes
F00075,Rice,Grain,11.53,0.42,7.03,6.59,Very_Low,374,24.2,68,Ambient,Normal,HDPE,77,Low,Low,No
F00076,Wheat Flour,Grain,11.69,1.55,12.69,6.08,Very_Low,180,25.1,54,Ambient,Normal,HDPE,81,Low,Low,No
F00077,Ground Coffee,Beverage,3.4,14.85,13.81,4.75,Very_Low,339,25.7,62,Ambient,Normal,High_Barrier_Laminate,96,Very_Low,Very_Low,No
F00078,Butter,Dairy,15.9,84.65,0.73,6.33,Very_Low,127,3.0,82,Chilled,Normal,Aluminum_Foil_Laminate,88,Very_Low,Very_Low,No
F00079,Yogurt,Dairy,87.24,2.98,4.06,4.36,Very_Low,32,4.1,82,Chilled,Normal,PP_Cup_Foil_Lid,55,Medium,Low,Yes
F00080,Fish,Seafood,73.68,4.89,20.06,6.18,Very_Low,6,1.5,82,Chilled,Long_Distance,PA_PE_Vacuum,89,Low,Very_Low,Yes
F00081,Potato Chips,Snacks,2.37,30.38,5.95,6.07,Very_Low,175,24.9,70,Ambient,Normal,Metallized_PET_PE,84,Low,Very_Low,Yes
F00082,Milk Powder,Dairy,3.5,27.38,25.03,6.5,Very_Low,389,24.1,66,Ambient,Long_Distance,Aluminum_Laminate,93,Very_Low,Very_Low,No
F00083,Tomato,Fresh Produce,93.51,0.33,0.86,4.36,High,14,4.5,84,Chilled,Normal,Micro_Perforated_PE,42,High,High,Yes
F00084,Apple,Fresh Produce,90.9,0.0,0.39,3.63,High,56,4.8,76,Chilled,Long_Distance,Micro_Perforated_PE,49,High,High,Yes
F00085,Biscuits,Bakery,3.61,18.05,6.66,7.07,Very_Low,198,25.4,56,Ambient,Long_Distance,BOPP_PE,63,Low,Low,No
F00086,Fresh Chicken,Meat,71.24,7.84,23.63,5.69,Very_Low,6,3.3,95,Chilled,Normal,PA_PE_Vacuum,89,Low,Very_Low,Yes
F00087,Frozen Peas,Frozen Vegetable,75.36,0.27,5.3,6.2,Low,374,-18.7,86,Frozen,Long_Distance,PE_Film,66,Medium,Low,Yes
F00088,Coffee Powder,Beverage,3.25,14.94,14.31,5.18,Very_Low,363,25.3,45,Ambient,Normal,Metallized_PET_PE,79,Very_Low,Very_Low,No
F00089,Peanuts,Nuts,6.18,46.77,25.0,6.42,Very_Low,165,25.5,57,Ambient,Normal,Metallized_PET_PE,81,Very_Low,Very_Low,No
F00090,Cheese,Dairy,36.03,31.24,25.58,5.39,Very_Low,58,4.0,82,Chilled,Refrigerated,PA_PE_Vacuum,87,Low,Very_Low,Yes
F00091,Bread,Bakery,37.93,4.07,9.05,5.34,Very_Low,7,25.3,64,Ambient,Long_Distance,LDPE_Bag,55,Medium,Medium,No
F00092,Mango,Fresh Produce,84.08,0.4,0.83,4.09,High,21,10.1,82,Chilled,Refrigerated,Breathable_PE,41,High,High,Yes
F00093,Carrot,Fresh Produce,83.7,0.17,0.94,5.93,High,30,4.9,95,Chilled,Refrigerated,Micro_Perforated_PE,38,High,High,Yes
F00094,Onion,Vegetable,89.06,0.1,1.19,5.44,Low,121,19.8,56,Ambient,Long_Distance,Breathable_PP,48,High,Medium,Yes
F00095,Rice,Grain,12.02,0.8,6.56,6.35,Very_Low,389,25.2,76,Ambient,Normal,HDPE,82,Low,Low,No
F00096,Wheat Flour,Grain,12.26,1.53,12.47,6.17,Very_Low,186,25.0,69,Ambient,Normal,HDPE,77,Low,Low,No
F00097,Ground Coffee,Beverage,2.99,14.75,13.33,5.07,Very_Low,350,24.9,62,Ambient,Normal,High_Barrier_Laminate,80,Very_Low,Very_Low,No
F00098,Butter,Dairy,15.83,80.32,0.87,6.09,Very_Low,114,3.6,84,Chilled,Normal,Aluminum_Foil_Laminate,91,Very_Low,Very_Low,No
F00099,Yogurt,Dairy,84.93,2.97,4.07,4.22,Very_Low,31,4.1,83,Chilled,Normal,PP_Cup_Foil_Lid,47,Medium,Low,Yes
F00100,Fish,Seafood,77.19,5.24,19.06,6.21,Very_Low,4,1.7,89,Chilled,Long_Distance,PA_PE_Vacuum,87,Low,Very_Low,Yes
F00101,Potato Chips,Snacks,2.15,31.07,6.02,6.02,Very_Low,186,26.2,60,Ambient,Long_Distance,Metallized_PET_PE,71,Low,Very_Low,Yes
F00102,Milk Powder,Dairy,3.75,26.37,25.57,6.68,Very_Low,369,24.2,72,Ambient,Long_Distance,Aluminum_Laminate,109,Very_Low,Very_Low,No
F00103,Tomato,Fresh Produce,89.67,0.11,0.88,4.09,High,14,4.9,86,Chilled,Long_Distance,Micro_Perforated_PE,41,High,High,Yes
F00104,Apple,Fresh Produce,82.24,0.07,0.39,3.39,High,57,5.0,90,Chilled,Normal,Micro_Perforated_PE,35,High,High,Yes
F00105,Biscuits,Bakery,4.01,18.56,7.03,7.1,Very_Low,185,26.0,63,Ambient,Long_Distance,BOPP_PE,63,Low,Low,No
F00106,Fresh Chicken,Meat,73.06,8.27,23.57,5.86,Very_Low,6,4.6,95,Chilled,Refrigerated,PA_PE_Vacuum,93,Low,Very_Low,Yes
F00107,Frozen Peas,Frozen Vegetable,81.05,0.39,5.44,6.18,Low,350,-17.1,90,Frozen,Long_Distance,PE_Film,61,Medium,Low,Yes
F00108,Coffee Powder,Beverage,3.23,14.39,14.63,5.03,Very_Low,370,24.8,64,Ambient,Normal,Metallized_PET_PE,80,Very_Low,Very_Low,No
F00109,Peanuts,Nuts,5.64,48.41,25.58,6.58,Very_Low,185,24.7,66,Ambient,Long_Distance,Metallized_PET_PE,85,Very_Low,Very_Low,No
F00110,Cheese,Dairy,38.11,31.49,24.58,5.25,Very_Low,65,4.0,80,Chilled,Long_Distance,PA_PE_Vacuum,99,Low,Very_Low,Yes
F00111,Bread,Bakery,38.64,3.99,9.35,5.51,Very_Low,8,24.8,54,Ambient,Normal,LDPE_Bag,54,Medium,Medium,No
F00112,Mango,Fresh Produce,83.53,0.29,0.79,4.08,High,20,10.8,92,Chilled,Refrigerated,Breathable_PE,39,High,High,Yes
F00113,Carrot,Fresh Produce,86.28,0.26,0.94,6.08,High,28,6.3,75,Chilled,Normal,Micro_Perforated_PE,41,High,High,Yes
F00114,Onion,Vegetable,89.76,0.15,1.16,5.55,Low,124,20.7,61,Ambient,Long_Distance,Breathable_PP,54,High,Medium,Yes
F00115,Rice,Grain,12.49,0.85,7.08,6.31,Very_Low,355,24.8,49,Ambient,Long_Distance,HDPE,86,Low,Low,No
F00116,Wheat Flour,Grain,11.81,1.6,12.89,6.1,Very_Low,178,24.7,79,Ambient,Long_Distance,HDPE,78,Low,Low,No
F00117,Ground Coffee,Beverage,3.36,15.33,14.39,5.1,Very_Low,359,25.0,48,Ambient,Normal,High_Barrier_Laminate,90,Very_Low,Very_Low,No
F00118,Butter,Dairy,15.91,81.07,1.02,5.95,Very_Low,119,3.7,76,Chilled,Refrigerated,Aluminum_Foil_Laminate,89,Very_Low,Very_Low,No
F00119,Yogurt,Dairy,88.37,2.9,4.04,4.42,Very_Low,33,4.7,72,Chilled,Long_Distance,PP_Cup_Foil_Lid,54,Medium,Low,Yes
F00120,Fish,Seafood,77.37,5.08,19.8,6.49,Very_Low,6,3.0,95,Chilled,Refrigerated,PA_PE_Vacuum,92,Low,Very_Low,Yes
F00121,Potato Chips,Snacks,2.12,31.96,5.93,6.22,Very_Low,171,24.7,64,Ambient,Normal,Metallized_PET_PE,86,Low,Very_Low,Yes
F00122,Milk Powder,Dairy,3.61,26.93,25.62,6.97,Very_Low,362,24.6,56,Ambient,Normal,Aluminum_Laminate,93,Very_Low,Very_Low,No
F00123,Tomato,Fresh Produce,94.39,0.03,0.94,4.38,High,14,5.8,75,Chilled,Long_Distance,Micro_Perforated_PE,33,High,High,Yes
F00124,Apple,Fresh Produce,86.48,0.3,0.47,3.44,High,63,5.0,83,Chilled,Long_Distance,Micro_Perforated_PE,44,High,High,Yes
F00125,Biscuits,Bakery,3.62,17.16,7.26,6.98,Very_Low,187,24.6,73,Ambient,Long_Distance,BOPP_PE,52,Low,Low,No
F00126,Fresh Chicken,Meat,72.58,7.93,21.86,5.79,Very_Low,5,4.5,67,Chilled,Long_Distance,PA_PE_Vacuum,91,Low,Very_Low,Yes
F00127,Frozen Peas,Frozen Vegetable,79.53,0.33,5.26,6.0,Low,396,-16.5,73,Frozen,Normal,PE_Film,67,Medium,Low,Yes
F00128,Coffee Powder,Beverage,3.02,14.42,14.42,4.94,Very_Low,337,24.8,72,Ambient,Long_Distance,Metallized_PET_PE,84,Very_Low,Very_Low,No
F00129,Peanuts,Nuts,5.61,46.78,23.77,6.64,Very_Low,193,25.1,56,Ambient,Normal,Metallized_PET_PE,89,Very_Low,Very_Low,No
F00130,Cheese,Dairy,36.72,33.38,24.75,5.13,Very_Low,60,3.7,83,Chilled,Normal,PA_PE_Vacuum,85,Low,Very_Low,Yes
F00131,Bread,Bakery,39.63,4.09,8.87,5.21,Very_Low,5,25.3,43,Ambient,Long_Distance,LDPE_Bag,51,Medium,Medium,No
F00132,Mango,Fresh Produce,86.33,0.3,0.86,3.87,High,20,11.0,83,Chilled,Long_Distance,Breathable_PE,41,High,High,Yes
F00133,Carrot,Fresh Produce,87.77,0.2,0.97,5.94,High,31,5.3,86,Chilled,Normal,Micro_Perforated_PE,39,High,High,Yes
F00134,Onion,Vegetable,90.38,0.11,1.15,5.62,Low,109,20.5,62,Ambient,Normal,Breathable_PP,44,High,Medium,Yes
F00135,Rice,Grain,11.98,0.73,7.07,6.55,Very_Low,394,25.2,58,Ambient,Long_Distance,HDPE,85,Low,Low,No
F00136,Wheat Flour,Grain,11.97,1.58,13.31,6.05,Very_Low,167,24.6,49,Ambient,Normal,HDPE,86,Low,Low,No
F00137,Ground Coffee,Beverage,2.62,14.26,13.63,5.19,Very_Low,337,24.8,49,Ambient,Long_Distance,High_Barrier_Laminate,87,Very_Low,Very_Low,No
F00138,Butter,Dairy,15.52,81.76,1.13,6.28,Very_Low,139,4.0,71,Chilled,Refrigerated,Aluminum_Foil_Laminate,91,Very_Low,Very_Low,No
F00139,Yogurt,Dairy,89.22,2.78,4.1,4.52,Very_Low,32,4.0,92,Chilled,Normal,PP_Cup_Foil_Lid,49,Medium,Low,Yes
F00140,Fish,Seafood,74.53,5.06,19.89,6.27,Very_Low,5,1.5,78,Chilled,Refrigerated,PA_PE_Vacuum,85,Low,Very_Low,Yes
F00141,Potato Chips,Snacks,2.02,30.69,5.85,6.22,Very_Low,174,25.8,51,Ambient,Long_Distance,Metallized_PET_PE,80,Low,Very_Low,Yes
F00142,Milk Powder,Dairy,4.03,24.96,25.53,6.64,Very_Low,336,25.2,59,Ambient,Normal,Aluminum_Laminate,103,Very_Low,Very_Low,No
F00143,Tomato,Fresh Produce,93.9,0.32,0.8,4.31,High,17,5.2,89,Chilled,Long_Distance,Micro_Perforated_PE,46,High,High,Yes
F00144,Apple,Fresh Produce,87.59,0.17,0.33,3.68,High,57,4.5,90,Chilled,Refrigerated,Micro_Perforated_PE,42,High,High,Yes
F00145,Biscuits,Bakery,3.8,18.15,6.82,7.26,Very_Low,169,25.2,65,Ambient,Normal,BOPP_PE,62,Low,Low,No
F00146,Fresh Chicken,Meat,69.64,8.03,22.27,5.71,Very_Low,6,3.4,90,Chilled,Normal,PA_PE_Vacuum,83,Low,Very_Low,Yes
F00147,Frozen Peas,Frozen Vegetable,79.62,0.4,5.47,6.11,Low,339,-19.9,92,Frozen,Normal,PE_Film,76,Medium,Low,Yes
F00148,Coffee Powder,Beverage,3.31,14.77,13.31,5.13,Very_Low,368,25.1,66,Ambient,Long_Distance,Metallized_PET_PE,73,Very_Low,Very_Low,No
F00149,Peanuts,Nuts,5.83,47.51,24.51,6.35,Very_Low,180,24.6,61,Ambient,Long_Distance,Metallized_PET_PE,72,Very_Low,Very_Low,No
F00150,Cheese,Dairy,38.56,33.86,24.82,5.02,Very_Low,56,3.3,84,Chilled,Long_Distance,PA_PE_Vacuum,91,Low,Very_Low,Yes
F00151,Bread,Bakery,38.53,4.01,9.15,5.39,Very_Low,7,24.3,59,Ambient,Long_Distance,LDPE_Bag,45,Medium,Medium,No
F00152,Mango,Fresh Produce,83.96,0.44,0.71,3.97,High,22,10.4,91,Chilled,Long_Distance,Breathable_PE,34,High,High,Yes
F00153,Carrot,Fresh Produce,89.79,0.13,0.93,6.12,High,28,5.0,79,Chilled,Normal,Micro_Perforated_PE,34,High,High,Yes
F00154,Onion,Vegetable,84.91,0.15,0.99,5.24,Low,122,21.2,59,Ambient,Long_Distance,Breathable_PP,54,High,Medium,Yes
F00155,Rice,Grain,11.4,0.82,6.47,6.5,Very_Low,405,25.3,62,Ambient,Long_Distance,HDPE,90,Low,Low,No
F00156,Wheat Flour,Grain,12.17,1.56,12.8,6.07,Very_Low,169,24.8,51,Ambient,Long_Distance,HDPE,87,Low,Low,No
F00157,Ground Coffee,Beverage,3.21,15.05,13.7,5.32,Very_Low,382,24.2,55,Ambient,Normal,High_Barrier_Laminate,95,Very_Low,Very_Low,No
F00158,Butter,Dairy,15.57,80.26,0.94,6.18,Very_Low,120,4.3,84,Chilled,Normal,Aluminum_Foil_Laminate,92,Very_Low,Very_Low,No
F00159,Yogurt,Dairy,88.58,2.95,3.8,4.55,Very_Low,32,3.0,80,Chilled,Long_Distance,PP_Cup_Foil_Lid,47,Medium,Low,Yes
F00160,Fish,Seafood,73.94,4.94,19.78,6.12,Very_Low,5,1.7,85,Chilled,Refrigerated,PA_PE_Vacuum,86,Low,Very_Low,Yes
F00161,Potato Chips,Snacks,1.78,29.33,5.89,6.14,Very_Low,189,25.2,67,Ambient,Normal,Metallized_PET_PE,83,Low,Very_Low,Yes
F00162,Milk Powder,Dairy,3.59,25.82,25.09,6.38,Very_Low,375,25.4,55,Ambient,Long_Distance,Aluminum_Laminate,87,Very_Low,Very_Low,No
F00163,Tomato,Fresh Produce,95.92,0.34,0.8,4.37,High,12,5.5,88,Chilled,Normal,Micro_Perforated_PE,45,High,High,Yes
F00164,Apple,Fresh Produce,83.86,0.2,0.1,3.75,High,56,5.0,94,Chilled,Refrigerated,Micro_Perforated_PE,36,High,High,Yes
F00165,Biscuits,Bakery,3.59,17.13,7.31,6.97,Very_Low,174,25.5,55,Ambient,Normal,BOPP_PE,69,Low,Low,No
F00166,Fresh Chicken,Meat,72.59,7.96,23.56,5.71,Very_Low,5,4.7,77,Chilled,Normal,PA_PE_Vacuum,79,Low,Very_Low,Yes
F00167,Frozen Peas,Frozen Vegetable,77.74,0.42,5.21,6.21,Low,367,-16.3,83,Frozen,Normal,PE_Film,70,Medium,Low,Yes
F00168,Coffee Powder,Beverage,3.24,15.55,13.95,5.01,Very_Low,365,24.7,53,Ambient,Long_Distance,Metallized_PET_PE,69,Very_Low,Very_Low,No
F00169,Peanuts,Nuts,6.36,48.03,24.21,6.56,Very_Low,191,25.4,67,Ambient,Normal,Metallized_PET_PE,76,Very_Low,Very_Low,No
F00170,Cheese,Dairy,36.8,32.88,24.98,5.27,Very_Low,59,4.3,84,Chilled,Long_Distance,PA_PE_Vacuum,85,Low,Very_Low,Yes
F00171,Bread,Bakery,39.38,4.22,9.2,5.57,Very_Low,6,25.2,64,Ambient,Normal,LDPE_Bag,49,Medium,Medium,No
F00172,Mango,Fresh Produce,83.5,0.32,0.58,4.12,High,20,9.6,86,Chilled,Refrigerated,Breathable_PE,43,High,High,Yes
F00173,Carrot,Fresh Produce,88.68,0.28,0.99,5.93,High,30,5.1,83,Chilled,Long_Distance,Micro_Perforated_PE,48,High,High,Yes
F00174,Onion,Vegetable,90.98,0.17,1.0,5.56,Low,122,20.0,59,Ambient,Normal,Breathable_PP,50,High,Medium,Yes
F00175,Rice,Grain,11.64,0.7,6.8,6.29,Very_Low,380,25.4,53,Ambient,Normal,HDPE,81,Low,Low,No
F00176,Wheat Flour,Grain,12.23,1.54,13.5,6.18,Very_Low,179,24.4,58,Ambient,Long_Distance,HDPE,76,Low,Low,No
F00177,Ground Coffee,Beverage,2.61,15.49,14.32,5.07,Very_Low,393,25.5,65,Ambient,Long_Distance,High_Barrier_Laminate,79,Very_Low,Very_Low,No
F00178,Butter,Dairy,15.42,78.31,0.95,6.1,Very_Low,115,3.0,89,Chilled,Refrigerated,Aluminum_Foil_Laminate,92,Very_Low,Very_Low,No
F00179,Yogurt,Dairy,87.86,2.91,3.95,4.26,Very_Low,31,3.9,95,Chilled,Normal,PP_Cup_Foil_Lid,50,Medium,Low,Yes
F00180,Fish,Seafood,77.89,5.3,21.24,6.35,Very_Low,6,2.3,91,Chilled,Normal,PA_PE_Vacuum,87,Low,Very_Low,Yes
F00181,Potato Chips,Snacks,1.7,30.35,6.19,6.3,Very_Low,181,25.7,52,Ambient,Normal,Metallized_PET_PE,78,Low,Very_Low,Yes
F00182,Milk Powder,Dairy,3.75,25.89,26.37,6.44,Very_Low,368,25.3,74,Ambient,Long_Distance,Aluminum_Laminate,95,Very_Low,Very_Low,No
F00183,Tomato,Fresh Produce,96.29,0.11,0.93,4.13,High,15,5.8,95,Chilled,Refrigerated,Micro_Perforated_PE,44,High,High,Yes
F00184,Apple,Fresh Produce,86.69,0.19,0.25,3.31,High,62,4.7,75,Chilled,Long_Distance,Micro_Perforated_PE,26,High,High,Yes
F00185,Biscuits,Bakery,3.85,18.08,6.94,6.88,Very_Low,180,25.4,52,Ambient,Long_Distance,BOPP_PE,55,Low,Low,No
F00186,Fresh Chicken,Meat,70.49,7.78,22.79,5.99,Very_Low,4,4.0,85,Chilled,Normal,PA_PE_Vacuum,84,Low,Very_Low,Yes
F00187,Frozen Peas,Frozen Vegetable,78.67,0.41,5.53,6.09,Low,346,-17.9,82,Frozen,Long_Distance,PE_Film,75,Medium,Low,Yes
F00188,Coffee Powder,Beverage,2.53,14.76,14.33,4.85,Very_Low,370,24.3,63,Ambient,Long_Distance,Metallized_PET_PE,80,Very_Low,Very_Low,No
F00189,Peanuts,Nuts,5.75,48.76,25.35,6.73,Very_Low,189,23.9,61,Ambient,Long_Distance,Metallized_PET_PE,87,Very_Low,Very_Low,No
F00190,Cheese,Dairy,36.92,32.18,24.05,5.19,Very_Low,59,5.0,95,Chilled,Long_Distance,PA_PE_Vacuum,85,Low,Very_Low,Yes
F00191,Bread,Bakery,38.9,3.92,8.92,5.4,Very_Low,5,25.0,61,Ambient,Long_Distance,LDPE_Bag,55,Medium,Medium,No
F00192,Mango,Fresh Produce,84.26,0.56,0.83,3.97,High,21,9.2,92,Chilled,Normal,Breathable_PE,40,High,High,Yes
F00193,Carrot,Fresh Produce,90.78,0.15,0.82,5.74,High,29,4.9,74,Chilled,Long_Distance,Micro_Perforated_PE,39,High,High,Yes
F00194,Onion,Vegetable,88.43,0.03,1.02,5.61,Low,126,19.3,37,Ambient,Long_Distance,Breathable_PP,55,High,Medium,Yes
F00195,Rice,Grain,11.81,0.8,6.93,6.45,Very_Low,348,25.2,76,Ambient,Long_Distance,HDPE,75,Low,Low,No
F00196,Wheat Flour,Grain,11.74,1.61,13.0,6.14,Very_Low,183,24.7,63,Ambient,Normal,HDPE,76,Low,Low,No
F00197,Ground Coffee,Beverage,3.54,15.1,13.66,5.07,Very_Low,370,25.2,74,Ambient,Long_Distance,High_Barrier_Laminate,92,Very_Low,Very_Low,No
F00198,Butter,Dairy,15.47,83.63,1.07,6.13,Very_Low,120,4.5,81,Chilled,Long_Distance,Aluminum_Foil_Laminate,88,Very_Low,Very_Low,No
F00199,Yogurt,Dairy,86.48,2.96,3.95,4.29,Very_Low,32,3.8,94,Chilled,Long_Distance,PP_Cup_Foil_Lid,58,Medium,Low,Yes
F00200,Fish,Seafood,76.49,5.09,19.71,6.28,Very_Low,5,1.7,88,Chilled,Normal,PA_PE_Vacuum,85,Low,Very_Low,Yes
F00201,Potato Chips,Snacks,1.85,30.7,6.25,6.32,Very_Low,163,25.1,68,Ambient,Long_Distance,Metallized_PET_PE,73,Low,Very_Low,Yes
F00202,Milk Powder,Dairy,3.94,26.23,26.22,6.69,Very_Low,358,24.4,49,Ambient,Normal,Aluminum_Laminate,97,Very_Low,Very_Low,No
F00203,Tomato,Fresh Produce,89.84,0.28,0.85,4.29,High,14,5.1,90,Chilled,Refrigerated,Micro_Perforated_PE,38,High,High,Yes
F00204,Apple,Fresh Produce,87.81,0.25,0.3,3.52,High,66,5.5,95,Chilled,Long_Distance,Micro_Perforated_PE,43,High,High,Yes
F00205,Biscuits,Bakery,3.89,17.85,6.97,6.97,Very_Low,181,24.7,66,Ambient,Normal,BOPP_PE,57,Low,Low,No
F00206,Fresh Chicken,Meat,70.1,7.74,23.66,6.01,Very_Low,5,3.9,85,Chilled,Normal,PA_PE_Vacuum,96,Low,Very_Low,Yes
F00207,Frozen Peas,Frozen Vegetable,77.4,0.33,5.68,6.19,Low,356,-18.0,80,Frozen,Long_Distance,PE_Film,71,Medium,Low,Yes
F00208,Coffee Powder,Beverage,3.44,14.84,14.37,5.03,Very_Low,403,24.4,69,Ambient,Normal,Metallized_PET_PE,89,Very_Low,Very_Low,No
F00209,Peanuts,Nuts,6.42,50.63,24.73,6.44,Very_Low,172,24.5,62,Ambient,Long_Distance,Metallized_PET_PE,80,Very_Low,Very_Low,No
F00210,Cheese,Dairy,36.42,33.19,24.44,5.04,Very_Low,58,4.0,81,Chilled,Normal,PA_PE_Vacuum,87,Low,Very_Low,Yes
F00211,Bread,Bakery,36.66,3.69,8.85,5.77,Very_Low,6,23.7,67,Ambient,Normal,LDPE_Bag,62,Medium,Medium,No
F00212,Mango,Fresh Produce,86.28,0.34,0.85,4.33,High,21,9.9,78,Chilled,Normal,Breathable_PE,39,High,High,Yes
F00213,Carrot,Fresh Produce,88.29,0.33,0.92,6.12,High,30,4.7,95,Chilled,Normal,Micro_Perforated_PE,36,High,High,Yes
F00214,Onion,Vegetable,90.72,0.25,1.19,5.43,Low,121,19.7,54,Ambient,Long_Distance,Breathable_PP,52,High,Medium,Yes
F00215,Rice,Grain,12.18,0.81,7.04,6.4,Very_Low,382,25.1,46,Ambient,Normal,HDPE,76,Low,Low,No
F00216,Wheat Flour,Grain,12.05,1.54,12.57,6.27,Very_Low,179,25.0,65,Ambient,Normal,HDPE,81,Low,Low,No
F00217,Ground Coffee,Beverage,2.91,14.86,14.56,5.09,Very_Low,388,25.1,62,Ambient,Normal,High_Barrier_Laminate,100,Very_Low,Very_Low,No
F00218,Butter,Dairy,17.07,79.82,0.8,6.29,Very_Low,125,4.6,88,Chilled,Long_Distance,Aluminum_Foil_Laminate,94,Very_Low,Very_Low,No
F00219,Yogurt,Dairy,85.39,2.98,4.13,4.42,Very_Low,28,4.2,77,Chilled,Refrigerated,PP_Cup_Foil_Lid,39,Medium,Low,Yes
F00220,Fish,Seafood,74.33,5.03,19.84,6.19,Very_Low,6,0.8,74,Chilled,Refrigerated,PA_PE_Vacuum,90,Low,Very_Low,Yes
F00221,Potato Chips,Snacks,1.71,29.61,6.01,6.18,Very_Low,167,25.6,58,Ambient,Normal,Metallized_PET_PE,76,Low,Very_Low,Yes
F00222,Milk Powder,Dairy,4.37,26.09,27.18,6.84,Very_Low,366,25.2,45,Ambient,Long_Distance,Aluminum_Laminate,93,Very_Low,Very_Low,No
F00223,Tomato,Fresh Produce,94.39,0.36,0.96,4.26,High,15,4.8,94,Chilled,Normal,Micro_Perforated_PE,42,High,High,Yes
F00224,Apple,Fresh Produce,86.43,0.12,0.3,3.55,High,56,5.1,90,Chilled,Refrigerated,Micro_Perforated_PE,38,High,High,Yes
F00225,Biscuits,Bakery,3.68,17.53,6.74,6.9,Very_Low,181,25.2,67,Ambient,Long_Distance,BOPP_PE,51,Low,Low,No
F00226,Fresh Chicken,Meat,71.06,8.14,23.49,5.9,Very_Low,4,3.4,83,Chilled,Refrigerated,PA_PE_Vacuum,97,Low,Very_Low,Yes
F00227,Frozen Peas,Frozen Vegetable,78.08,0.39,5.83,6.02,Low,370,-17.5,93,Frozen,Normal,PE_Film,70,Medium,Low,Yes
F00228,Coffee Powder,Beverage,3.1,15.73,14.07,4.95,Very_Low,355,25.0,52,Ambient,Long_Distance,Metallized_PET_PE,80,Very_Low,Very_Low,No
F00229,Peanuts,Nuts,6.08,50.54,23.91,6.4,Very_Low,186,24.6,61,Ambient,Normal,Metallized_PET_PE,68,Very_Low,Very_Low,No
F00230,Cheese,Dairy,38.26,32.18,24.92,5.31,Very_Low,66,3.4,95,Chilled,Refrigerated,PA_PE_Vacuum,92,Low,Very_Low,Yes
F00231,Bread,Bakery,37.81,3.98,8.95,5.64,Very_Low,8,23.5,65,Ambient,Long_Distance,LDPE_Bag,51,Medium,Medium,No
F00232,Mango,Fresh Produce,88.7,0.45,0.91,4.06,High,22,9.6,95,Chilled,Refrigerated,Breathable_PE,41,High,High,Yes
F00233,Carrot,Fresh Produce,86.82,0.29,0.95,6.09,High,31,4.7,90,Chilled,Refrigerated,Micro_Perforated_PE,46,High,High,Yes
F00234,Onion,Vegetable,89.78,0.17,1.08,5.4,Low,114,20.5,63,Ambient,Long_Distance,Breathable_PP,41,High,Medium,Yes
F00235,Rice,Grain,11.43,0.72,7.0,6.4,Very_Low,377,25.5,47,Ambient,Long_Distance,HDPE,76,Low,Low,No
F00236,Wheat Flour,Grain,11.92,1.6,12.69,6.04,Very_Low,190,25.1,48,Ambient,Normal,HDPE,81,Low,Low,No
F00237,Ground Coffee,Beverage,2.5,15.54,13.64,5.04,Very_Low,365,25.5,77,Ambient,Long_Distance,High_Barrier_Laminate,84,Very_Low,Very_Low,No
F00238,Butter,Dairy,16.82,82.99,0.75,6.42,Very_Low,115,3.5,89,Chilled,Normal,Aluminum_Foil_Laminate,81,Very_Low,Very_Low,No
F00239,Yogurt,Dairy,87.49,3.04,3.87,4.36,Very_Low,29,4.5,78,Chilled,Normal,PP_Cup_Foil_Lid,49,Medium,Low,Yes
F00240,Fish,Seafood,73.83,5.0,20.57,6.08,Very_Low,4,2.6,82,Chilled,Refrigerated,PA_PE_Vacuum,86,Low,Very_Low,Yes
F00241,Potato Chips,Snacks,2.32,30.17,6.15,6.22,Very_Low,179,25.3,64,Ambient,Normal,Metallized_PET_PE,79,Low,Very_Low,Yes
F00242,Milk Powder,Dairy,4.08,25.55,24.1,6.58,Very_Low,391,25.5,67,Ambient,Normal,Aluminum_Laminate,106,Very_Low,Very_Low,No
F00243,Tomato,Fresh Produce,93.44,0.16,0.94,4.32,High,14,4.1,84,Chilled,Refrigerated,Micro_Perforated_PE,35,High,High,Yes
F00244,Apple,Fresh Produce,79.91,0.2,0.16,3.47,High,56,4.3,94,Chilled,Refrigerated,Micro_Perforated_PE,38,High,High,Yes
F00245,Biscuits,Bakery,3.75,18.77,7.08,7.08,Very_Low,190,25.3,65,Ambient,Long_Distance,BOPP_PE,59,Low,Low,No
F00246,Fresh Chicken,Meat,70.43,8.27,22.18,6.0,Very_Low,4,4.3,82,Chilled,Refrigerated,PA_PE_Vacuum,93,Low,Very_Low,Yes
F00247,Frozen Peas,Frozen Vegetable,80.98,0.45,5.44,6.38,Low,370,-18.6,87,Frozen,Long_Distance,PE_Film,69,Medium,Low,Yes
F00248,Coffee Powder,Beverage,2.93,13.81,14.33,4.71,Very_Low,364,25.0,64,Ambient,Long_Distance,Metallized_PET_PE,80,Very_Low,Very_Low,No
F00249,Peanuts,Nuts,6.42,48.19,23.73,6.46,Very_Low,176,24.8,61,Ambient,Long_Distance,Metallized_PET_PE,85,Very_Low,Very_Low,No
F00250,Cheese,Dairy,37.62,33.59,24.73,5.13,Very_Low,60,4.8,75,Chilled,Refrigerated,PA_PE_Vacuum,83,Low,Very_Low,Yes
F00251,Bread,Bakery,38.56,4.24,9.1,5.59,Very_Low,8,25.1,47,Ambient,Normal,LDPE_Bag,54,Medium,Medium,No
F00252,Mango,Fresh Produce,80.64,0.32,0.79,3.8,High,21,10.8,85,Chilled,Refrigerated,Breathable_PE,41,High,High,Yes
F00253,Carrot,Fresh Produce,91.23,0.23,0.97,5.9,High,31,5.1,81,Chilled,Refrigerated,Micro_Perforated_PE,44,High,High,Yes
F00254,Onion,Vegetable,89.72,0.06,0.97,5.69,Low,113,20.4,65,Ambient,Long_Distance,Breathable_PP,49,High,Medium,Yes
F00255,Rice,Grain,12.09,0.87,7.03,6.45,Very_Low,373,25.1,47,Ambient,Long_Distance,HDPE,80,Low,Low,No
F00256,Wheat Flour,Grain,11.52,1.52,13.79,6.1,Very_Low,178,24.8,58,Ambient,Long_Distance,HDPE,87,Low,Low,No
F00257,Ground Coffee,Beverage,2.95,14.41,14.46,5.02,Very_Low,382,25.0,53,Ambient,Normal,High_Barrier_Laminate,92,Very_Low,Very_Low,No
F00258,Butter,Dairy,16.18,81.9,1.0,6.24,Very_Low,117,3.2,79,Chilled,Long_Distance,Aluminum_Foil_Laminate,91,Very_Low,Very_Low,No
F00259,Yogurt,Dairy,88.16,3.08,4.16,4.28,Very_Low,31,3.9,84,Chilled,Long_Distance,PP_Cup_Foil_Lid,52,Medium,Low,Yes
F00260,Fish,Seafood,78.38,4.97,20.43,6.04,Very_Low,4,2.2,95,Chilled,Long_Distance,PA_PE_Vacuum,92,Low,Very_Low,Yes
F00261,Potato Chips,Snacks,2.34,30.31,5.9,6.35,Very_Low,192,25.1,60,Ambient,Long_Distance,Metallized_PET_PE,73,Low,Very_Low,Yes
F00262,Milk Powder,Dairy,3.95,25.32,25.98,6.54,Very_Low,350,25.2,53,Ambient,Normal,Aluminum_Laminate,92,Very_Low,Very_Low,No
F00263,Tomato,Fresh Produce,94.98,0.26,0.61,4.54,High,13,5.1,71,Chilled,Normal,Micro_Perforated_PE,38,High,High,Yes
F00264,Apple,Fresh Produce,84.53,0.28,0.1,3.61,High,56,5.4,85,Chilled,Refrigerated,Micro_Perforated_PE,35,High,High,Yes
F00265,Biscuits,Bakery,3.76,18.4,6.77,7.09,Very_Low,195,24.7,44,Ambient,Long_Distance,BOPP_PE,68,Low,Low,No
F00266,Fresh Chicken,Meat,70.55,8.23,23.54,5.77,Very_Low,6,3.8,82,Chilled,Normal,PA_PE_Vacuum,73,Low,Very_Low,Yes
F00267,Frozen Peas,Frozen Vegetable,76.53,0.44,5.54,6.15,Low,317,-17.8,88,Frozen,Normal,PE_Film,72,Medium,Low,Yes
F00268,Coffee Powder,Beverage,3.27,15.34,14.44,4.94,Very_Low,312,25.6,58,Ambient,Normal,Metallized_PET_PE,83,Very_Low,Very_Low,No
F00269,Peanuts,Nuts,6.21,45.24,24.45,6.38,Very_Low,171,24.6,69,Ambient,Normal,Metallized_PET_PE,84,Very_Low,Very_Low,No
F00270,Cheese,Dairy,37.55,34.38,24.36,5.09,Very_Low,59,3.6,90,Chilled,Long_Distance,PA_PE_Vacuum,86,Low,Very_Low,Yes
F00271,Bread,Bakery,39.65,4.12,9.02,5.4,Very_Low,6,25.3,63,Ambient,Normal,LDPE_Bag,57,Medium,Medium,No
F00272,Mango,Fresh Produce,83.32,0.63,0.85,3.98,High,20,10.2,95,Chilled,Refrigerated,Breathable_PE,42,High,High,Yes
F00273,Carrot,Fresh Produce,82.92,0.22,1.01,6.12,High,31,5.0,93,Chilled,Long_Distance,Micro_Perforated_PE,45,High,High,Yes
F00274,Onion,Vegetable,88.54,0.09,1.16,5.37,Low,124,20.6,73,Ambient,Normal,Breathable_PP,39,High,Medium,Yes
F00275,Rice,Grain,11.67,0.66,7.15,6.6,Very_Low,360,25.0,47,Ambient,Normal,HDPE,78,Low,Low,No
F00276,Wheat Flour,Grain,12.56,1.5,13.89,6.33,Very_Low,164,24.7,51,Ambient,Long_Distance,HDPE,80,Low,Low,No
F00277,Ground Coffee,Beverage,3.07,15.62,13.58,4.97,Very_Low,345,24.5,63,Ambient,Normal,High_Barrier_Laminate,94,Very_Low,Very_Low,No
F00278,Butter,Dairy,15.92,79.86,1.0,6.21,Very_Low,116,3.8,75,Chilled,Normal,Aluminum_Foil_Laminate,88,Very_Low,Very_Low,No
F00279,Yogurt,Dairy,86.76,3.07,4.03,4.51,Very_Low,29,3.4,83,Chilled,Long_Distance,PP_Cup_Foil_Lid,47,Medium,Low,Yes
F00280,Fish,Seafood,74.19,4.98,20.32,6.18,Very_Low,6,2.6,75,Chilled,Refrigerated,PA_PE_Vacuum,93,Low,Very_Low,Yes
F00281,Potato Chips,Snacks,2.14,31.2,6.0,6.17,Very_Low,183,25.0,49,Ambient,Long_Distance,Metallized_PET_PE,81,Low,Very_Low,Yes
F00282,Milk Powder,Dairy,3.45,25.27,24.83,6.52,Very_Low,363,24.3,52,Ambient,Long_Distance,Aluminum_Laminate,95,Very_Low,Very_Low,No
F00283,Tomato,Fresh Produce,93.06,0.24,0.78,4.34,High,16,4.7,77,Chilled,Long_Distance,Micro_Perforated_PE,40,High,High,Yes
F00284,Apple,Fresh Produce,88.56,0.3,0.14,3.61,High,62,4.2,83,Chilled,Long_Distance,Micro_Perforated_PE,41,High,High,Yes
F00285,Biscuits,Bakery,3.57,18.77,7.03,6.94,Very_Low,186,24.9,65,Ambient,Long_Distance,BOPP_PE,60,Low,Low,No
F00286,Fresh Chicken,Meat,74.02,7.92,23.39,5.68,Very_Low,5,3.9,86,Chilled,Refrigerated,PA_PE_Vacuum,88,Low,Very_Low,Yes
F00287,Frozen Peas,Frozen Vegetable,79.69,0.43,5.41,6.36,Low,370,-19.5,94,Frozen,Normal,PE_Film,75,Medium,Low,Yes
F00288,Coffee Powder,Beverage,3.11,15.26,13.71,4.9,Very_Low,396,24.8,72,Ambient,Long_Distance,Metallized_PET_PE,85,Very_Low,Very_Low,No
F00289,Peanuts,Nuts,5.56,47.34,24.8,6.61,Very_Low,164,25.0,56,Ambient,Long_Distance,Metallized_PET_PE,87,Very_Low,Very_Low,No
F00290,Cheese,Dairy,37.8,33.88,24.43,5.2,Very_Low,62,3.9,93,Chilled,Normal,PA_PE_Vacuum,102,Low,Very_Low,Yes
F00291,Bread,Bakery,37.6,4.16,9.09,5.61,Very_Low,7,25.6,50,Ambient,Normal,LDPE_Bag,51,Medium,Medium,No
F00292,Mango,Fresh Produce,82.99,0.22,0.73,4.0,High,22,10.0,87,Chilled,Long_Distance,Breathable_PE,38,High,High,Yes
F00293,Carrot,Fresh Produce,87.94,0.18,1.05,6.01,High,31,5.3,95,Chilled,Normal,Micro_Perforated_PE,39,High,High,Yes
F00294,Onion,Vegetable,86.59,0.02,1.39,5.65,Low,112,19.3,63,Ambient,Normal,Breathable_PP,53,High,Medium,Yes
F00295,Rice,Grain,12.18,0.64,7.12,6.65,Very_Low,339,24.6,54,Ambient,Normal,HDPE,75,Low,Low,No
F00296,Wheat Flour,Grain,12.32,1.29,12.45,6.1,Very_Low,184,25.4,61,Ambient,Normal,HDPE,81,Low,Low,No
F00297,Ground Coffee,Beverage,2.94,14.98,13.85,4.78,Very_Low,394,24.7,58,Ambient,Normal,High_Barrier_Laminate,78,Very_Low,Very_Low,No
F00298,Butter,Dairy,16.39,83.23,0.88,6.21,Very_Low,116,3.4,83,Chilled,Normal,Aluminum_Foil_Laminate,88,Very_Low,Very_Low,No
F00299,Yogurt,Dairy,85.54,2.9,3.94,4.32,Very_Low,29,3.4,88,Chilled,Refrigerated,PP_Cup_Foil_Lid,58,Medium,Low,Yes
F00300,Fish,Seafood,71.08,5.21,20.81,5.92,Very_Low,6,2.5,85,Chilled,Refrigerated,PA_PE_Vacuum,84,Low,Very_Low,Yes
F00301,Potato Chips,Snacks,2.67,31.25,5.99,6.43,Very_Low,179,25.4,60,Ambient,Normal,Metallized_PET_PE,82,Low,Very_Low,Yes
F00302,Milk Powder,Dairy,4.26,25.82,26.03,6.43,Very_Low,360,25.0,80,Ambient,Normal,Aluminum_Laminate,94,Very_Low,Very_Low,No
F00303,Tomato,Fresh Produce,96.72,0.11,0.93,4.37,High,15,5.4,93,Chilled,Normal,Micro_Perforated_PE,40,High,High,Yes
F00304,Apple,Fresh Produce,81.52,0.18,0.28,3.67,High,61,4.9,84,Chilled,Normal,Micro_Perforated_PE,45,High,High,Yes
F00305,Biscuits,Bakery,4.53,17.42,6.72,6.99,Very_Low,186,25.2,62,Ambient,Long_Distance,BOPP_PE,60,Low,Low,No
F00306,Fresh Chicken,Meat,74.16,7.88,21.71,5.87,Very_Low,4,3.4,80,Chilled,Long_Distance,PA_PE_Vacuum,89,Low,Very_Low,Yes
F00307,Frozen Peas,Frozen Vegetable,76.13,0.26,5.38,6.15,Low,362,-17.3,87,Frozen,Normal,PE_Film,72,Medium,Low,Yes
F00308,Coffee Powder,Beverage,3.08,15.68,14.59,5.05,Very_Low,379,25.3,50,Ambient,Normal,Metallized_PET_PE,80,Very_Low,Very_Low,No
F00309,Peanuts,Nuts,6.2,47.65,26.18,6.37,Very_Low,170,24.2,56,Ambient,Normal,Metallized_PET_PE,77,Very_Low,Very_Low,No
F00310,Cheese,Dairy,38.57,34.06,25.14,5.31,Very_Low,57,4.2,95,Chilled,Long_Distance,PA_PE_Vacuum,89,Low,Very_Low,Yes
F00311,Bread,Bakery,39.3,3.79,9.11,5.35,Very_Low,8,25.4,76,Ambient,Long_Distance,LDPE_Bag,57,Medium,Medium,No
F00312,Mango,Fresh Produce,86.43,0.36,0.91,4.07,High,22,9.5,85,Chilled,Long_Distance,Breathable_PE,40,High,High,Yes
F00313,Carrot,Fresh Produce,88.35,0.05,0.89,6.15,High,31,4.4,89,Chilled,Refrigerated,Micro_Perforated_PE,43,High,High,Yes
F00314,Onion,Vegetable,90.64,0.18,1.06,5.44,Low,110,19.9,67,Ambient,Normal,Breathable_PP,49,High,Medium,Yes
F00315,Rice,Grain,11.84,0.71,6.74,6.64,Very_Low,377,24.9,56,Ambient,Long_Distance,HDPE,83,Low,Low,No
F00316,Wheat Flour,Grain,12.73,1.38,12.58,5.96,Very_Low,177,25.5,51,Ambient,Normal,HDPE,86,Low,Low,No
F00317,Ground Coffee,Beverage,3.12,15.49,14.85,5.12,Very_Low,370,25.5,61,Ambient,Normal,High_Barrier_Laminate,90,Very_Low,Very_Low,No
F00318,Butter,Dairy,16.35,83.84,1.02,6.07,Very_Low,126,4.1,73,Chilled,Normal,Aluminum_Foil_Laminate,83,Very_Low,Very_Low,No
F00319,Yogurt,Dairy,85.89,3.22,3.96,4.05,Very_Low,30,4.6,85,Chilled,Refrigerated,PP_Cup_Foil_Lid,54,Medium,Low,Yes
F00320,Fish,Seafood,74.18,5.16,20.12,6.28,Very_Low,5,1.8,95,Chilled,Refrigerated,PA_PE_Vacuum,92,Low,Very_Low,Yes
F00321,Potato Chips,Snacks,1.64,30.34,5.93,6.42,Very_Low,189,25.2,64,Ambient,Normal,Metallized_PET_PE,87,Low,Very_Low,Yes
F00322,Milk Powder,Dairy,3.4,24.4,26.46,6.63,Very_Low,373,25.1,61,Ambient,Normal,Aluminum_Laminate,105,Very_Low,Very_Low,No
F00323,Tomato,Fresh Produce,95.92,0.18,1.08,4.49,High,14,4.9,84,Chilled,Long_Distance,Micro_Perforated_PE,38,High,High,Yes
F00324,Apple,Fresh Produce,86.44,0.27,0.38,3.37,High,60,6.3,94,Chilled,Refrigerated,Micro_Perforated_PE,37,High,High,Yes
F00325,Biscuits,Bakery,3.92,17.83,7.14,6.88,Very_Low,195,25.7,57,Ambient,Normal,BOPP_PE,56,Low,Low,No
F00326,Fresh Chicken,Meat,71.63,7.82,22.88,5.61,Very_Low,5,3.9,82,Chilled,Refrigerated,PA_PE_Vacuum,89,Low,Very_Low,Yes
F00327,Frozen Peas,Frozen Vegetable,78.19,0.35,5.2,6.27,Low,339,-19.3,91,Frozen,Long_Distance,PE_Film,78,Medium,Low,Yes
F00328,Coffee Powder,Beverage,3.07,14.52,13.51,5.0,Very_Low,339,25.4,53,Ambient,Normal,Metallized_PET_PE,80,Very_Low,Very_Low,No
F00329,Peanuts,Nuts,5.99,49.28,24.25,6.62,Very_Low,170,24.7,65,Ambient,Long_Distance,Metallized_PET_PE,70,Very_Low,Very_Low,No
F00330,Cheese,Dairy,37.45,33.37,25.3,4.97,Very_Low,59,4.4,84,Chilled,Normal,PA_PE_Vacuum,83,Low,Very_Low,Yes
F00331,Bread,Bakery,34.84,3.82,8.89,5.62,Very_Low,7,25.5,55,Ambient,Normal,LDPE_Bag,40,Medium,Medium,No
F00332,Mango,Fresh Produce,85.94,0.4,0.97,4.01,High,22,10.0,88,Chilled,Normal,Breathable_PE,40,High,High,Yes
F00333,Carrot,Fresh Produce,86.07,0.3,0.92,5.97,High,26,4.9,86,Chilled,Long_Distance,Micro_Perforated_PE,44,High,High,Yes
F00334,Onion,Vegetable,89.15,0.14,1.06,5.38,Low,117,20.6,60,Ambient,Normal,Breathable_PP,46,High,Medium,Yes
F00335,Rice,Grain,11.44,0.78,7.03,6.3,Very_Low,411,25.3,65,Ambient,Long_Distance,HDPE,87,Low,Low,No
F00336,Wheat Flour,Grain,12.16,1.62,12.75,6.16,Very_Low,161,24.7,59,Ambient,Long_Distance,HDPE,75,Low,Low,No
F00337,Ground Coffee,Beverage,3.21,15.08,14.18,5.16,Very_Low,381,25.8,60,Ambient,Long_Distance,High_Barrier_Laminate,98,Very_Low,Very_Low,No
F00338,Butter,Dairy,16.47,80.11,0.94,6.07,Very_Low,134,4.1,85,Chilled,Refrigerated,Aluminum_Foil_Laminate,94,Very_Low,Very_Low,No
F00339,Yogurt,Dairy,87.66,2.91,4.09,4.35,Very_Low,31,4.4,79,Chilled,Normal,PP_Cup_Foil_Lid,44,Medium,Low,Yes
F00340,Fish,Seafood,75.25,5.01,20.53,6.39,Very_Low,7,2.4,87,Chilled,Normal,PA_PE_Vacuum,83,Low,Very_Low,Yes
F00341,Potato Chips,Snacks,2.22,30.1,5.88,6.18,Very_Low,194,25.1,54,Ambient,Normal,Metallized_PET_PE,74,Low,Very_Low,Yes
F00342,Milk Powder,Dairy,3.63,25.22,26.09,6.55,Very_Low,396,25.5,55,Ambient,Long_Distance,Aluminum_Laminate,95,Very_Low,Very_Low,No
F00343,Tomato,Fresh Produce,92.89,0.3,0.99,4.48,High,13,4.9,71,Chilled,Long_Distance,Micro_Perforated_PE,38,High,High,Yes
F00344,Apple,Fresh Produce,86.04,0.22,0.16,3.47,High,59,4.7,76,Chilled,Refrigerated,Micro_Perforated_PE,45,High,High,Yes
F00345,Biscuits,Bakery,3.98,18.26,6.65,7.0,Very_Low,199,24.8,66,Ambient,Long_Distance,BOPP_PE,64,Low,Low,No
F00346,Fresh Chicken,Meat,71.0,7.79,22.86,5.98,Very_Low,5,4.3,90,Chilled,Long_Distance,PA_PE_Vacuum,92,Low,Very_Low,Yes
F00347,Frozen Peas,Frozen Vegetable,81.24,0.29,5.27,6.13,Low,355,-19.1,94,Frozen,Long_Distance,PE_Film,69,Medium,Low,Yes
F00348,Coffee Powder,Beverage,2.98,14.41,14.15,4.91,Very_Low,379,25.7,45,Ambient,Long_Distance,Metallized_PET_PE,87,Very_Low,Very_Low,No
F00349,Peanuts,Nuts,5.92,50.05,25.64,6.65,Very_Low,197,25.4,58,Ambient,Normal,Metallized_PET_PE,84,Very_Low,Very_Low,No
F00350,Cheese,Dairy,37.75,32.29,24.45,5.17,Very_Low,56,4.2,86,Chilled,Refrigerated,PA_PE_Vacuum,91,Low,Very_Low,Yes
F00351,Bread,Bakery,38.4,4.25,8.53,5.57,Very_Low,7,25.2,56,Ambient,Long_Distance,LDPE_Bag,49,Medium,Medium,No
F00352,Mango,Fresh Produce,84.05,0.35,0.69,4.03,High,22,10.2,82,Chilled,Refrigerated,Breathable_PE,41,High,High,Yes
F00353,Carrot,Fresh Produce,85.17,0.06,0.84,6.12,High,28,3.6,81,Chilled,Refrigerated,Micro_Perforated_PE,43,High,High,Yes
F00354,Onion,Vegetable,89.51,0.0,1.18,5.58,Low,115,19.7,58,Ambient,Long_Distance,Breathable_PP,46,High,Medium,Yes
F00355,Rice,Grain,11.99,0.65,6.76,6.46,Very_Low,368,25.0,73,Ambient,Normal,HDPE,82,Low,Low,No
F00356,Wheat Flour,Grain,11.78,1.42,13.6,6.11,Very_Low,181,24.9,50,Ambient,Normal,HDPE,83,Low,Low,No
F00357,Ground Coffee,Beverage,3.35,14.85,14.18,5.14,Very_Low,340,24.6,57,Ambient,Normal,High_Barrier_Laminate,86,Very_Low,Very_Low,No
F00358,Butter,Dairy,16.93,85.75,0.91,6.12,Very_Low,123,3.1,81,Chilled,Normal,Aluminum_Foil_Laminate,87,Very_Low,Very_Low,No
F00359,Yogurt,Dairy,85.82,3.03,3.89,4.27,Very_Low,27,3.7,75,Chilled,Long_Distance,PP_Cup_Foil_Lid,45,Medium,Low,Yes
F00360,Fish,Seafood,75.38,5.24,19.56,6.42,Very_Low,6,2.3,86,Chilled,Long_Distance,PA_PE_Vacuum,89,Low,Very_Low,Yes
F00361,Potato Chips,Snacks,2.08,29.67,5.49,6.2,Very_Low,183,24.2,63,Ambient,Long_Distance,Metallized_PET_PE,79,Low,Very_Low,Yes
F00362,Milk Powder,Dairy,3.93,25.93,27.18,6.52,Very_Low,389,24.4,70,Ambient,Normal,Aluminum_Laminate,98,Very_Low,Very_Low,No
F00363,Tomato,Fresh Produce,98.53,0.18,0.67,4.14,High,13,4.7,84,Chilled,Refrigerated,Micro_Perforated_PE,26,High,High,Yes
F00364,Apple,Fresh Produce,83.5,0.17,0.27,3.35,High,61,5.1,83,Chilled,Refrigerated,Micro_Perforated_PE,36,High,High,Yes
F00365,Biscuits,Bakery,3.86,17.49,6.99,6.99,Very_Low,170,24.6,52,Ambient,Normal,BOPP_PE,55,Low,Low,No
F00366,Fresh Chicken,Meat,70.93,7.97,23.06,5.74,Very_Low,5,4.0,83,Chilled,Refrigerated,PA_PE_Vacuum,90,Low,Very_Low,Yes
F00367,Frozen Peas,Frozen Vegetable,78.82,0.4,5.12,6.38,Low,366,-17.6,92,Frozen,Normal,PE_Film,65,Medium,Low,Yes
F00368,Coffee Powder,Beverage,2.83,15.17,13.41,5.01,Very_Low,362,24.6,56,Ambient,Normal,Metallized_PET_PE,77,Very_Low,Very_Low,No
F00369,Peanuts,Nuts,6.19,48.19,23.51,6.43,Very_Low,186,24.6,59,Ambient,Normal,Metallized_PET_PE,77,Very_Low,Very_Low,No
F00370,Cheese,Dairy,36.89,34.75,25.38,5.42,Very_Low,58,3.7,89,Chilled,Normal,PA_PE_Vacuum,89,Low,Very_Low,Yes
F00371,Bread,Bakery,37.56,3.92,8.69,5.29,Very_Low,7,25.1,59,Ambient,Normal,LDPE_Bag,48,Medium,Medium,No
F00372,Mango,Fresh Produce,82.69,0.47,0.67,3.87,High,22,10.2,81,Chilled,Long_Distance,Breathable_PE,42,High,High,Yes
F00373,Carrot,Fresh Produce,85.57,0.17,0.82,6.16,High,28,5.4,92,Chilled,Normal,Micro_Perforated_PE,49,High,High,Yes
F00374,Onion,Vegetable,88.18,0.25,1.31,5.39,Low,120,21.1,59,Ambient,Normal,Breathable_PP,50,High,Medium,Yes
F00375,Rice,Grain,12.28,0.75,7.31,6.54,Very_Low,377,24.6,64,Ambient,Long_Distance,HDPE,78,Low,Low,No
F00376,Wheat Flour,Grain,11.96,1.47,13.27,6.09,Very_Low,190,24.4,49,Ambient,Long_Distance,HDPE,84,Low,Low,No
F00377,Ground Coffee,Beverage,3.09,14.56,13.64,5.15,Very_Low,379,25.0,56,Ambient,Normal,High_Barrier_Laminate,80,Very_Low,Very_Low,No
F00378,Butter,Dairy,16.48,82.16,0.99,6.35,Very_Low,124,4.6,84,Chilled,Long_Distance,Aluminum_Foil_Laminate,99,Very_Low,Very_Low,No
F00379,Yogurt,Dairy,87.48,3.01,4.19,4.63,Very_Low,29,4.0,86,Chilled,Long_Distance,PP_Cup_Foil_Lid,46,Medium,Low,Yes
F00380,Fish,Seafood,75.71,5.05,20.08,6.18,Very_Low,3,2.4,87,Chilled,Long_Distance,PA_PE_Vacuum,96,Low,Very_Low,Yes
F00381,Potato Chips,Snacks,1.74,29.36,6.21,6.37,Very_Low,178,25.0,52,Ambient,Normal,Metallized_PET_PE,86,Low,Very_Low,Yes
F00382,Milk Powder,Dairy,4.06,25.81,25.94,6.7,Very_Low,328,25.0,62,Ambient,Long_Distance,Aluminum_Laminate,104,Very_Low,Very_Low,No
F00383,Tomato,Fresh Produce,94.1,0.23,0.77,4.21,High,14,4.8,89,Chilled,Long_Distance,Micro_Perforated_PE,54,High,High,Yes
F00384,Apple,Fresh Produce,85.05,0.32,0.25,3.34,High,57,5.0,84,Chilled,Long_Distance,Micro_Perforated_PE,42,High,High,Yes
F00385,Biscuits,Bakery,4.38,18.18,6.75,6.87,Very_Low,195,24.5,50,Ambient,Normal,BOPP_PE,66,Low,Low,No
F00386,Fresh Chicken,Meat,74.43,7.82,22.46,5.84,Very_Low,3,4.2,82,Chilled,Refrigerated,PA_PE_Vacuum,97,Low,Very_Low,Yes
F00387,Frozen Peas,Frozen Vegetable,80.47,0.54,5.33,5.99,Low,384,-17.7,82,Frozen,Long_Distance,PE_Film,69,Medium,Low,Yes
F00388,Coffee Powder,Beverage,2.46,15.09,13.56,4.88,Very_Low,377,25.6,53,Ambient,Normal,Metallized_PET_PE,80,Very_Low,Very_Low,No
F00389,Peanuts,Nuts,6.33,49.7,25.0,6.43,Very_Low,170,25.4,67,Ambient,Normal,Metallized_PET_PE,72,Very_Low,Very_Low,No
F00390,Cheese,Dairy,37.04,33.41,24.48,5.34,Very_Low,60,4.3,87,Chilled,Normal,PA_PE_Vacuum,91,Low,Very_Low,Yes
F00391,Bread,Bakery,38.73,4.12,9.33,5.36,Very_Low,8,24.7,41,Ambient,Long_Distance,LDPE_Bag,44,Medium,Medium,No
F00392,Mango,Fresh Produce,87.01,0.42,0.88,3.79,High,22,9.7,78,Chilled,Long_Distance,Breathable_PE,40,High,High,Yes
F00393,Carrot,Fresh Produce,89.01,0.1,0.78,5.8,High,27,4.3,79,Chilled,Long_Distance,Micro_Perforated_PE,50,High,High,Yes
F00394,Onion,Vegetable,89.38,0.15,1.34,5.43,Low,109,20.7,53,Ambient,Normal,Breathable_PP,48,High,Medium,Yes
F00395,Rice,Grain,11.94,0.71,7.32,6.61,Very_Low,351,24.9,57,Ambient,Long_Distance,HDPE,77,Low,Low,No
F00396,Wheat Flour,Grain,11.76,1.51,13.34,6.12,Very_Low,166,24.6,59,Ambient,Normal,HDPE,80,Low,Low,No
F00397,Ground Coffee,Beverage,3.41,14.31,13.16,5.03,Very_Low,370,23.3,55,Ambient,Long_Distance,High_Barrier_Laminate,85,Very_Low,Very_Low,No
F00398,Butter,Dairy,16.44,82.05,0.93,6.31,Very_Low,123,3.6,84,Chilled,Normal,Aluminum_Foil_Laminate,88,Very_Low,Very_Low,No
F00399,Yogurt,Dairy,87.87,2.95,3.81,4.54,Very_Low,31,3.3,94,Chilled,Refrigerated,PP_Cup_Foil_Lid,42,Medium,Low,Yes
F00400,Fish,Seafood,73.97,4.98,20.5,6.22,Very_Low,4,1.7,80,Chilled,Long_Distance,PA_PE_Vacuum,90,Low,Very_Low,Yes
F00401,Potato Chips,Snacks,1.59,29.76,6.0,5.99,Very_Low,179,25.4,57,Ambient,Normal,Metallized_PET_PE,80,Low,Very_Low,Yes
F00402,Milk Powder,Dairy,4.02,26.45,24.95,6.66,Very_Low,385,26.0,71,Ambient,Long_Distance,Aluminum_Laminate,103,Very_Low,Very_Low,No
F00403,Tomato,Fresh Produce,95.37,0.32,1.04,4.13,High,13,5.4,71,Chilled,Long_Distance,Micro_Perforated_PE,47,High,High,Yes
F00404,Apple,Fresh Produce,79.7,0.41,0.41,3.45,High,60,4.4,95,Chilled,Normal,Micro_Perforated_PE,49,High,High,Yes
F00405,Biscuits,Bakery,4.16,18.04,7.44,7.07,Very_Low,176,25.4,46,Ambient,Normal,BOPP_PE,61,Low,Low,No
F00406,Fresh Chicken,Meat,72.29,7.91,23.67,5.66,Very_Low,6,3.6,95,Chilled,Normal,PA_PE_Vacuum,85,Low,Very_Low,Yes
F00407,Frozen Peas,Frozen Vegetable,80.04,0.41,5.4,6.08,Low,342,-17.5,77,Frozen,Normal,PE_Film,71,Medium,Low,Yes
F00408,Coffee Powder,Beverage,2.73,14.41,14.21,4.96,Very_Low,356,25.3,47,Ambient,Normal,Metallized_PET_PE,71,Very_Low,Very_Low,No
F00409,Peanuts,Nuts,5.95,49.06,25.4,6.44,Very_Low,188,24.5,63,Ambient,Long_Distance,Metallized_PET_PE,69,Very_Low,Very_Low,No
F00410,Cheese,Dairy,36.26,33.42,25.96,4.93,Very_Low,62,2.8,77,Chilled,Long_Distance,PA_PE_Vacuum,98,Low,Very_Low,Yes
F00411,Bread,Bakery,36.36,4.23,8.93,5.38,Very_Low,6,24.5,67,Ambient,Long_Distance,LDPE_Bag,55,Medium,Medium,No
F00412,Mango,Fresh Produce,86.4,0.23,0.68,4.03,High,24,9.3,73,Chilled,Refrigerated,Breathable_PE,42,High,High,Yes
F00413,Carrot,Fresh Produce,86.82,0.27,0.84,6.0,High,28,5.6,80,Chilled,Normal,Micro_Perforated_PE,48,High,High,Yes
F00414,Onion,Vegetable,90.53,0.25,0.99,5.5,Low,117,19.2,62,Ambient,Normal,Breathable_PP,63,High,Medium,Yes
F00415,Rice,Grain,11.76,0.53,6.96,6.54,Very_Low,360,24.7,54,Ambient,Normal,HDPE,81,Low,Low,No
F00416,Wheat Flour,Grain,12.26,1.71,13.23,5.8,Very_Low,180,25.0,67,Ambient,Long_Distance,HDPE,81,Low,Low,No
F00417,Ground Coffee,Beverage,3.35,15.22,13.36,5.1,Very_Low,350,24.4,56,Ambient,Long_Distance,High_Barrier_Laminate,88,Very_Low,Very_Low,No
F00418,Butter,Dairy,15.67,78.41,1.21,6.36,Very_Low,132,3.4,85,Chilled,Long_Distance,Aluminum_Foil_Laminate,84,Very_Low,Very_Low,No
F00419,Yogurt,Dairy,85.44,2.84,4.16,4.54,Very_Low,30,4.5,95,Chilled,Long_Distance,PP_Cup_Foil_Lid,54,Medium,Low,Yes
F00420,Fish,Seafood,73.44,5.1,20.21,6.09,Very_Low,5,1.9,81,Chilled,Normal,PA_PE_Vacuum,83,Low,Very_Low,Yes
F00421,Potato Chips,Snacks,2.23,29.29,5.86,6.33,Very_Low,168,24.8,60,Ambient,Normal,Metallized_PET_PE,81,Low,Very_Low,Yes
F00422,Milk Powder,Dairy,3.54,24.91,25.65,6.49,Very_Low,364,25.2,71,Ambient,Normal,Aluminum_Laminate,104,Very_Low,Very_Low,No
F00423,Tomato,Fresh Produce,93.37,0.02,1.03,4.39,High,13,4.3,78,Chilled,Normal,Micro_Perforated_PE,37,High,High,Yes
F00424,Apple,Fresh Produce,88.88,0.13,0.15,3.36,High,60,4.6,82,Chilled,Refrigerated,Micro_Perforated_PE,38,High,High,Yes
F00425,Biscuits,Bakery,3.89,18.39,6.88,7.05,Very_Low,183,25.1,50,Ambient,Normal,BOPP_PE,66,Low,Low,No
F00426,Fresh Chicken,Meat,69.95,8.17,22.45,5.67,Very_Low,5,3.9,86,Chilled,Refrigerated,PA_PE_Vacuum,87,Low,Very_Low,Yes
F00427,Frozen Peas,Frozen Vegetable,80.44,0.46,5.38,6.24,Low,384,-17.1,75,Frozen,Normal,PE_Film,74,Medium,Low,Yes
F00428,Coffee Powder,Beverage,2.58,15.45,13.97,4.99,Very_Low,374,24.8,68,Ambient,Normal,Metallized_PET_PE,87,Very_Low,Very_Low,No
F00429,Peanuts,Nuts,6.03,51.66,24.35,6.78,Very_Low,183,25.2,55,Ambient,Long_Distance,Metallized_PET_PE,82,Very_Low,Very_Low,No
F00430,Cheese,Dairy,38.71,32.72,24.41,5.15,Very_Low,55,4.4,80,Chilled,Refrigerated,PA_PE_Vacuum,89,Low,Very_Low,Yes
F00431,Bread,Bakery,39.01,4.17,8.75,5.4,Very_Low,7,25.2,55,Ambient,Long_Distance,LDPE_Bag,57,Medium,Medium,No
F00432,Mango,Fresh Produce,84.4,0.23,0.76,3.96,High,20,10.0,83,Chilled,Long_Distance,Breathable_PE,35,High,High,Yes
F00433,Carrot,Fresh Produce,88.47,0.14,0.74,6.21,High,32,4.8,89,Chilled,Long_Distance,Micro_Perforated_PE,38,High,High,Yes
F00434,Onion,Vegetable,87.13,0.14,1.12,5.57,Low,115,20.5,56,Ambient,Long_Distance,Breathable_PP,53,High,Medium,Yes
F00435,Rice,Grain,11.86,0.68,6.92,6.34,Very_Low,352,25.3,62,Ambient,Normal,HDPE,81,Low,Low,No
F00436,Wheat Flour,Grain,11.69,1.61,12.97,6.09,Very_Low,188,25.5,66,Ambient,Long_Distance,HDPE,76,Low,Low,No
F00437,Ground Coffee,Beverage,2.97,14.8,13.76,5.13,Very_Low,400,24.7,69,Ambient,Normal,High_Barrier_Laminate,90,Very_Low,Very_Low,No
F00438,Butter,Dairy,15.96,81.08,0.95,6.2,Very_Low,116,4.5,71,Chilled,Long_Distance,Aluminum_Foil_Laminate,92,Very_Low,Very_Low,No
F00439,Yogurt,Dairy,87.49,3.0,3.88,4.56,Very_Low,31,3.7,93,Chilled,Long_Distance,PP_Cup_Foil_Lid,48,Medium,Low,Yes
F00440,Fish,Seafood,75.22,4.83,19.82,6.05,Very_Low,4,1.0,87,Chilled,Normal,PA_PE_Vacuum,98,Low,Very_Low,Yes
F00441,Potato Chips,Snacks,1.68,29.05,5.83,6.14,Very_Low,177,25.1,52,Ambient,Long_Distance,Metallized_PET_PE,82,Low,Very_Low,Yes
F00442,Milk Powder,Dairy,4.51,25.87,25.86,6.47,Very_Low,338,25.0,57,Ambient,Normal,Aluminum_Laminate,100,Very_Low,Very_Low,No
F00443,Tomato,Fresh Produce,94.61,0.22,0.8,4.18,High,13,4.2,75,Chilled,Refrigerated,Micro_Perforated_PE,41,High,High,Yes
F00444,Apple,Fresh Produce,83.99,0.26,0.43,3.48,High,57,5.9,78,Chilled,Long_Distance,Micro_Perforated_PE,42,High,High,Yes
F00445,Biscuits,Bakery,3.93,17.6,6.89,6.99,Very_Low,179,25.2,64,Ambient,Normal,BOPP_PE,59,Low,Low,No
F00446,Fresh Chicken,Meat,74.33,8.0,24.64,5.82,Very_Low,3,2.8,89,Chilled,Normal,PA_PE_Vacuum,97,Low,Very_Low,Yes
F00447,Frozen Peas,Frozen Vegetable,81.33,0.45,5.37,6.14,Low,384,-19.4,77,Frozen,Long_Distance,PE_Film,68,Medium,Low,Yes
F00448,Coffee Powder,Beverage,3.15,15.84,13.82,4.82,Very_Low,366,25.1,65,Ambient,Long_Distance,Metallized_PET_PE,81,Very_Low,Very_Low,No
F00449,Peanuts,Nuts,5.7,51.07,24.63,6.56,Very_Low,193,24.9,57,Ambient,Normal,Metallized_PET_PE,84,Very_Low,Very_Low,No
F00450,Cheese,Dairy,36.33,32.85,25.83,5.23,Very_Low,57,4.7,73,Chilled,Normal,PA_PE_Vacuum,91,Low,Very_Low,Yes
F00451,Bread,Bakery,37.99,3.97,8.9,5.41,Very_Low,7,25.8,61,Ambient,Normal,LDPE_Bag,55,Medium,Medium,No
F00452,Mango,Fresh Produce,84.77,0.46,0.88,3.81,High,21,9.9,95,Chilled,Refrigerated,Breathable_PE,40,High,High,Yes
F00453,Carrot,Fresh Produce,87.47,0.03,0.97,5.9,High,30,5.4,87,Chilled,Long_Distance,Micro_Perforated_PE,39,High,High,Yes
F00454,Onion,Vegetable,88.03,0.15,1.11,5.6,Low,116,19.1,68,Ambient,Normal,Breathable_PP,45,High,Medium,Yes
F00455,Rice,Grain,11.88,0.8,7.29,6.59,Very_Low,373,25.2,55,Ambient,Long_Distance,HDPE,79,Low,Low,No
F00456,Wheat Flour,Grain,11.95,1.44,12.6,6.39,Very_Low,177,26.2,50,Ambient,Long_Distance,HDPE,83,Low,Low,No
F00457,Ground Coffee,Beverage,2.8,14.58,13.95,5.2,Very_Low,349,23.7,60,Ambient,Normal,High_Barrier_Laminate,95,Very_Low,Very_Low,No
F00458,Butter,Dairy,16.61,83.44,1.01,6.45,Very_Low,116,3.9,84,Chilled,Normal,Aluminum_Foil_Laminate,89,Very_Low,Very_Low,No
F00459,Yogurt,Dairy,89.09,3.05,3.86,4.42,Very_Low,31,4.8,92,Chilled,Long_Distance,PP_Cup_Foil_Lid,54,Medium,Low,Yes
F00460,Fish,Seafood,71.51,5.13,19.66,6.22,Very_Low,6,1.7,71,Chilled,Refrigerated,PA_PE_Vacuum,98,Low,Very_Low,Yes
F00461,Potato Chips,Snacks,2.63,31.26,6.08,6.15,Very_Low,178,24.7,50,Ambient,Normal,Metallized_PET_PE,85,Low,Very_Low,Yes
F00462,Milk Powder,Dairy,4.15,25.35,27.7,6.67,Very_Low,354,24.7,59,Ambient,Normal,Aluminum_Laminate,99,Very_Low,Very_Low,No
F00463,Tomato,Fresh Produce,95.97,0.22,0.81,4.43,High,15,4.5,95,Chilled,Normal,Micro_Perforated_PE,41,High,High,Yes
F00464,Apple,Fresh Produce,85.21,0.13,0.55,3.65,High,57,5.2,95,Chilled,Long_Distance,Micro_Perforated_PE,33,High,High,Yes
F00465,Biscuits,Bakery,4.11,18.1,7.11,7.17,Very_Low,185,24.5,70,Ambient,Normal,BOPP_PE,68,Low,Low,No
F00466,Fresh Chicken,Meat,69.15,7.84,23.29,5.72,Very_Low,4,4.4,80,Chilled,Normal,PA_PE_Vacuum,97,Low,Very_Low,Yes
F00467,Frozen Peas,Frozen Vegetable,77.5,0.59,5.47,6.0,Low,375,-18.2,85,Frozen,Normal,PE_Film,74,Medium,Low,Yes
F00468,Coffee Powder,Beverage,3.23,15.23,13.83,5.1,Very_Low,368,24.7,58,Ambient,Long_Distance,Metallized_PET_PE,78,Very_Low,Very_Low,No
F00469,Peanuts,Nuts,6.01,49.69,23.97,6.57,Very_Low,156,24.7,56,Ambient,Normal,Metallized_PET_PE,83,Very_Low,Very_Low,No
F00470,Cheese,Dairy,37.66,32.47,25.12,5.19,Very_Low,64,3.9,73,Chilled,Refrigerated,PA_PE_Vacuum,81,Low,Very_Low,Yes
F00471,Bread,Bakery,39.12,3.97,8.86,5.31,Very_Low,7,24.7,73,Ambient,Long_Distance,LDPE_Bag,59,Medium,Medium,No
F00472,Mango,Fresh Produce,86.54,0.25,0.77,4.05,High,21,10.5,70,Chilled,Normal,Breathable_PE,41,High,High,Yes
F00473,Carrot,Fresh Produce,89.9,0.06,0.78,5.66,High,29,5.5,89,Chilled,Normal,Micro_Perforated_PE,39,High,High,Yes
F00474,Onion,Vegetable,86.25,0.12,1.08,5.45,Low,120,19.2,62,Ambient,Long_Distance,Breathable_PP,48,High,Medium,Yes
F00475,Rice,Grain,12.41,0.54,7.05,6.44,Very_Low,367,25.4,61,Ambient,Long_Distance,HDPE,75,Low,Low,No
F00476,Wheat Flour,Grain,11.86,1.54,12.47,6.12,Very_Low,171,25.5,67,Ambient,Long_Distance,HDPE,78,Low,Low,No
F00477,Ground Coffee,Beverage,3.06,15.13,13.5,5.13,Very_Low,375,24.6,47,Ambient,Long_Distance,High_Barrier_Laminate,89,Very_Low,Very_Low,No
F00478,Butter,Dairy,15.35,80.21,1.12,6.18,Very_Low,122,4.2,72,Chilled,Normal,Aluminum_Foil_Laminate,86,Very_Low,Very_Low,No
F00479,Yogurt,Dairy,87.17,2.91,3.98,4.49,Very_Low,30,4.1,86,Chilled,Long_Distance,PP_Cup_Foil_Lid,52,Medium,Low,Yes
F00480,Fish,Seafood,74.7,4.87,19.25,6.27,Very_Low,6,2.1,78,Chilled,Normal,PA_PE_Vacuum,85,Low,Very_Low,Yes
F00481,Potato Chips,Snacks,1.55,29.3,6.24,6.31,Very_Low,179,25.1,57,Ambient,Normal,Metallized_PET_PE,87,Low,Very_Low,Yes
F00482,Milk Powder,Dairy,4.14,26.52,27.61,6.67,Very_Low,377,24.2,51,Ambient,Long_Distance,Aluminum_Laminate,100,Very_Low,Very_Low,No
F00483,Tomato,Fresh Produce,93.0,0.27,0.89,4.26,High,13,5.0,75,Chilled,Refrigerated,Micro_Perforated_PE,32,High,High,Yes
F00484,Apple,Fresh Produce,86.48,0.31,0.41,3.43,High,59,4.8,72,Chilled,Normal,Micro_Perforated_PE,43,High,High,Yes
F00485,Biscuits,Bakery,4.32,18.69,6.98,6.95,Very_Low,179,25.2,67,Ambient,Long_Distance,BOPP_PE,60,Low,Low,No
F00486,Fresh Chicken,Meat,73.0,7.48,22.69,6.01,Very_Low,5,4.2,95,Chilled,Normal,PA_PE_Vacuum,89,Low,Very_Low,Yes
F00487,Frozen Peas,Frozen Vegetable,77.49,0.4,5.04,6.36,Low,360,-17.7,86,Frozen,Normal,PE_Film,76,Medium,Low,Yes
F00488,Coffee Powder,Beverage,2.84,15.42,14.03,4.69,Very_Low,373,25.5,50,Ambient,Long_Distance,Metallized_PET_PE,82,Very_Low,Very_Low,No
F00489,Peanuts,Nuts,6.3,47.95,23.84,6.48,Very_Low,176,24.5,58,Ambient,Long_Distance,Metallized_PET_PE,82,Very_Low,Very_Low,No
F00490,Cheese,Dairy,35.17,32.5,24.95,5.12,Very_Low,58,3.4,86,Chilled,Normal,PA_PE_Vacuum,99,Low,Very_Low,Yes
F00491,Bread,Bakery,37.08,4.12,8.97,5.37,Very_Low,6,26.0,58,Ambient,Normal,LDPE_Bag,55,Medium,Medium,No
F00492,Mango,Fresh Produce,85.88,0.4,0.79,4.18,High,22,10.1,83,Chilled,Refrigerated,Breathable_PE,31,High,High,Yes
F00493,Carrot,Fresh Produce,85.83,0.1,0.91,5.92,High,31,3.6,78,Chilled,Normal,Micro_Perforated_PE,34,High,High,Yes
F00494,Onion,Vegetable,88.82,0.21,1.02,5.68,Low,115,19.4,64,Ambient,Normal,Breathable_PP,56,High,Medium,Yes
F00495,Rice,Grain,11.9,0.7,6.93,6.3,Very_Low,385,25.5,75,Ambient,Long_Distance,HDPE,91,Low,Low,No
F00496,Wheat Flour,Grain,11.84,1.47,12.79,6.07,Very_Low,172,25.2,62,Ambient,Normal,HDPE,82,Low,Low,No
F00497,Ground Coffee,Beverage,2.53,14.47,14.6,4.96,Very_Low,392,25.0,45,Ambient,Long_Distance,High_Barrier_Laminate,94,Very_Low,Very_Low,No
F00498,Butter,Dairy,15.64,82.44,0.92,6.29,Very_Low,118,3.8,85,Chilled,Long_Distance,Aluminum_Foil_Laminate,83,Very_Low,Very_Low,No
F00499,Yogurt,Dairy,87.49,2.95,4.1,4.44,Very_Low,30,3.2,86,Chilled,Long_Distance,PP_Cup_Foil_Lid,53,Medium,Low,Yes
F00500,Fish,Seafood,74.26,4.91,20.98,6.27,Very_Low,5,1.5,91,Chilled,Long_Distance,PA_PE_Vacuum,104,Low,Very_Low,Yes
F00501,Potato Chips,Snacks,1.43,29.46,6.35,6.23,Very_Low,188,24.5,47,Ambient,Normal,Metallized_PET_PE,74,Low,Very_Low,Yes
F00502,Milk Powder,Dairy,4.03,27.24,26.1,6.78,Very_Low,387,25.3,57,Ambient,Normal,Aluminum_Laminate,105,Very_Low,Very_Low,No
F00503,Tomato,Fresh Produce,93.91,0.22,1.05,4.37,High,15,4.8,73,Chilled,Long_Distance,Micro_Perforated_PE,39,High,High,Yes
F00504,Apple,Fresh Produce,84.37,0.24,0.3,3.41,High,58,4.6,77,Chilled,Refrigerated,Micro_Perforated_PE,45,High,High,Yes
F00505,Biscuits,Bakery,4.49,17.61,6.88,6.85,Very_Low,183,25.0,50,Ambient,Long_Distance,BOPP_PE,56,Low,Low,No
F00506,Fresh Chicken,Meat,70.46,7.97,22.25,5.86,Very_Low,6,3.4,80,Chilled,Refrigerated,PA_PE_Vacuum,87,Low,Very_Low,Yes
F00507,Frozen Peas,Frozen Vegetable,77.49,0.5,5.3,6.31,Low,396,-18.4,90,Frozen,Long_Distance,PE_Film,64,Medium,Low,Yes
F00508,Coffee Powder,Beverage,2.28,15.81,13.45,4.76,Very_Low,367,24.1,53,Ambient,Long_Distance,Metallized_PET_PE,83,Very_Low,Very_Low,No
F00509,Peanuts,Nuts,6.1,52.35,23.53,6.49,Very_Low,180,24.3,50,Ambient,Normal,Metallized_PET_PE,76,Very_Low,Very_Low,No
F00510,Cheese,Dairy,35.33,33.48,24.07,5.18,Very_Low,63,3.3,89,Chilled,Normal,PA_PE_Vacuum,89,Low,Very_Low,Yes
F00511,Bread,Bakery,37.49,3.99,9.43,5.5,Very_Low,8,24.7,65,Ambient,Long_Distance,LDPE_Bag,47,Medium,Medium,No
F00512,Mango,Fresh Produce,83.74,0.32,0.84,3.78,High,21,9.6,80,Chilled,Long_Distance,Breathable_PE,42,High,High,Yes
F00513,Carrot,Fresh Produce,87.22,0.46,1.11,6.04,High,31,4.9,76,Chilled,Normal,Micro_Perforated_PE,39,High,High,Yes
F00514,Onion,Vegetable,88.1,0.04,1.16,5.48,Low,127,20.2,55,Ambient,Normal,Breathable_PP,52,High,Medium,Yes
F00515,Rice,Grain,11.93,0.58,7.31,6.48,Very_Low,395,25.6,56,Ambient,Long_Distance,HDPE,73,Low,Low,No
F00516,Wheat Flour,Grain,12.15,1.61,12.66,6.14,Very_Low,179,25.4,59,Ambient,Long_Distance,HDPE,78,Low,Low,No
F00517,Ground Coffee,Beverage,3.04,14.7,14.11,5.03,Very_Low,392,24.9,65,Ambient,Normal,High_Barrier_Laminate,89,Very_Low,Very_Low,No
F00518,Butter,Dairy,15.97,81.56,0.78,6.16,Very_Low,127,4.6,77,Chilled,Normal,Aluminum_Foil_Laminate,95,Very_Low,Very_Low,No
F00519,Yogurt,Dairy,87.76,2.92,4.01,4.34,Very_Low,27,2.9,86,Chilled,Long_Distance,PP_Cup_Foil_Lid,47,Medium,Low,Yes
F00520,Fish,Seafood,80.21,5.01,19.56,5.96,Very_Low,4,2.6,90,Chilled,Normal,PA_PE_Vacuum,83,Low,Very_Low,Yes
F00521,Potato Chips,Snacks,1.94,31.06,6.11,5.96,Very_Low,182,24.8,49,Ambient,Long_Distance,Metallized_PET_PE,82,Low,Very_Low,Yes
F00522,Milk Powder,Dairy,3.88,25.03,25.9,6.67,Very_Low,366,24.5,58,Ambient,Normal,Aluminum_Laminate,99,Very_Low,Very_Low,No
F00523,Tomato,Fresh Produce,92.25,0.07,0.74,4.38,High,15,5.9,91,Chilled,Refrigerated,Micro_Perforated_PE,46,High,High,Yes
F00524,Apple,Fresh Produce,83.59,0.3,0.19,3.63,High,62,5.7,85,Chilled,Normal,Micro_Perforated_PE,36,High,High,Yes
F00525,Biscuits,Bakery,4.56,18.67,7.15,7.12,Very_Low,186,25.2,67,Ambient,Normal,BOPP_PE,53,Low,Low,No
F00526,Fresh Chicken,Meat,71.14,7.98,23.45,5.88,Very_Low,6,3.4,84,Chilled,Refrigerated,PA_PE_Vacuum,87,Low,Very_Low,Yes
F00527,Frozen Peas,Frozen Vegetable,77.67,0.34,5.27,6.3,Low,368,-17.1,93,Frozen,Long_Distance,PE_Film,68,Medium,Low,Yes
F00528,Coffee Powder,Beverage,2.85,14.16,14.1,4.99,Very_Low,346,24.5,66,Ambient,Normal,Metallized_PET_PE,70,Very_Low,Very_Low,No
F00529,Peanuts,Nuts,5.5,48.57,24.84,6.53,Very_Low,168,25.3,75,Ambient,Long_Distance,Metallized_PET_PE,82,Very_Low,Very_Low,No
F00530,Cheese,Dairy,35.9,34.05,24.56,5.09,Very_Low,59,3.5,81,Chilled,Long_Distance,PA_PE_Vacuum,92,Low,Very_Low,Yes
F00531,Bread,Bakery,39.6,3.96,9.04,5.65,Very_Low,7,24.9,49,Ambient,Long_Distance,LDPE_Bag,47,Medium,Medium,No
F00532,Mango,Fresh Produce,86.17,0.55,0.9,3.99,High,22,10.1,93,Chilled,Refrigerated,Breathable_PE,46,High,High,Yes
F00533,Carrot,Fresh Produce,85.66,0.27,0.81,5.91,High,30,5.2,80,Chilled,Long_Distance,Micro_Perforated_PE,25,High,High,Yes
F00534,Onion,Vegetable,84.95,0.04,1.14,5.57,Low,119,20.0,63,Ambient,Normal,Breathable_PP,49,High,Medium,Yes
F00535,Rice,Grain,11.87,0.6,7.22,6.42,Very_Low,344,25.5,52,Ambient,Normal,HDPE,80,Low,Low,No
F00536,Wheat Flour,Grain,12.21,1.38,13.64,5.91,Very_Low,178,25.2,54,Ambient,Long_Distance,HDPE,76,Low,Low,No
F00537,Ground Coffee,Beverage,2.67,15.34,14.04,4.98,Very_Low,356,24.9,61,Ambient,Long_Distance,High_Barrier_Laminate,99,Very_Low,Very_Low,No
F00538,Butter,Dairy,16.32,79.58,0.93,6.17,Very_Low,113,4.9,80,Chilled,Normal,Aluminum_Foil_Laminate,94,Very_Low,Very_Low,No
F00539,Yogurt,Dairy,87.88,2.91,4.11,4.48,Very_Low,29,3.5,79,Chilled,Long_Distance,PP_Cup_Foil_Lid,50,Medium,Low,Yes
F00540,Fish,Seafood,73.56,5.08,20.82,6.03,Very_Low,5,1.7,86,Chilled,Long_Distance,PA_PE_Vacuum,90,Low,Very_Low,Yes
F00541,Potato Chips,Snacks,2.29,30.33,5.8,6.01,Very_Low,171,25.4,57,Ambient,Long_Distance,Metallized_PET_PE,80,Low,Very_Low,Yes
F00542,Milk Powder,Dairy,3.9,26.38,26.54,6.5,Very_Low,366,24.0,71,Ambient,Long_Distance,Aluminum_Laminate,97,Very_Low,Very_Low,No
F00543,Tomato,Fresh Produce,95.78,0.21,0.8,4.54,High,13,5.1,91,Chilled,Normal,Micro_Perforated_PE,44,High,High,Yes
F00544,Apple,Fresh Produce,89.58,0.16,0.37,3.43,High,56,5.2,90,Chilled,Normal,Micro_Perforated_PE,33,High,High,Yes
F00545,Biscuits,Bakery,4.55,18.79,6.86,7.01,Very_Low,177,25.1,62,Ambient,Normal,BOPP_PE,63,Low,Low,No
F00546,Fresh Chicken,Meat,68.37,7.32,23.56,5.82,Very_Low,5,4.7,90,Chilled,Long_Distance,PA_PE_Vacuum,98,Low,Very_Low,Yes
F00547,Frozen Peas,Frozen Vegetable,80.36,0.35,5.23,5.84,Low,368,-17.4,84,Frozen,Long_Distance,PE_Film,75,Medium,Low,Yes
F00548,Coffee Powder,Beverage,3.07,14.64,14.62,4.97,Very_Low,355,24.8,65,Ambient,Normal,Metallized_PET_PE,79,Very_Low,Very_Low,No
F00549,Peanuts,Nuts,5.9,48.88,24.71,6.62,Very_Low,193,25.4,45,Ambient,Long_Distance,Metallized_PET_PE,77,Very_Low,Very_Low,No
F00550,Cheese,Dairy,35.84,33.72,25.7,5.29,Very_Low,63,4.8,75,Chilled,Refrigerated,PA_PE_Vacuum,86,Low,Very_Low,Yes
F00551,Bread,Bakery,38.14,4.0,9.12,5.55,Very_Low,7,25.1,53,Ambient,Long_Distance,LDPE_Bag,49,Medium,Medium,No
F00552,Mango,Fresh Produce,81.33,0.28,0.77,4.03,High,21,9.7,81,Chilled,Refrigerated,Breathable_PE,41,High,High,Yes
F00553,Carrot,Fresh Produce,89.74,0.23,0.8,6.04,High,30,4.4,94,Chilled,Long_Distance,Micro_Perforated_PE,46,High,High,Yes
F00554,Onion,Vegetable,87.65,0.16,1.14,5.54,Low,120,20.0,79,Ambient,Long_Distance,Breathable_PP,56,High,Medium,Yes
F00555,Rice,Grain,12.07,0.7,7.05,6.89,Very_Low,381,24.5,46,Ambient,Long_Distance,HDPE,85,Low,Low,No
F00556,Wheat Flour,Grain,11.39,1.71,12.69,6.1,Very_Low,180,26.0,59,Ambient,Normal,HDPE,88,Low,Low,No
F00557,Ground Coffee,Beverage,3.05,15.59,13.85,5.05,Very_Low,351,25.1,70,Ambient,Long_Distance,High_Barrier_Laminate,93,Very_Low,Very_Low,No
F00558,Butter,Dairy,15.45,82.7,1.05,6.26,Very_Low,120,4.2,95,Chilled,Long_Distance,Aluminum_Foil_Laminate,89,Very_Low,Very_Low,No
F00559,Yogurt,Dairy,89.22,3.05,3.89,4.28,Very_Low,30,4.1,84,Chilled,Long_Distance,PP_Cup_Foil_Lid,46,Medium,Low,Yes
F00560,Fish,Seafood,75.06,4.98,19.65,6.23,Very_Low,4,1.4,90,Chilled,Long_Distance,PA_PE_Vacuum,93,Low,Very_Low,Yes
F00561,Potato Chips,Snacks,2.08,30.92,5.96,6.08,Very_Low,184,24.6,56,Ambient,Normal,Metallized_PET_PE,81,Low,Very_Low,Yes
F00562,Milk Powder,Dairy,3.34,25.68,26.35,6.34,Very_Low,389,25.2,68,Ambient,Long_Distance,Aluminum_Laminate,97,Very_Low,Very_Low,No
F00563,Tomato,Fresh Produce,95.66,0.23,0.73,4.18,High,17,4.8,90,Chilled,Normal,Micro_Perforated_PE,37,High,High,Yes
F00564,Apple,Fresh Produce,91.56,0.32,0.32,3.46,High,59,4.4,90,Chilled,Refrigerated,Micro_Perforated_PE,35,High,High,Yes
F00565,Biscuits,Bakery,4.64,18.99,6.84,6.75,Very_Low,179,25.2,53,Ambient,Long_Distance,BOPP_PE,56,Low,Low,No
F00566,Fresh Chicken,Meat,73.72,7.78,23.15,5.73,Very_Low,5,3.2,93,Chilled,Normal,PA_PE_Vacuum,85,Low,Very_Low,Yes
F00567,Frozen Peas,Frozen Vegetable,80.3,0.32,5.45,6.17,Low,389,-18.9,90,Frozen,Long_Distance,PE_Film,69,Medium,Low,Yes
F00568,Coffee Powder,Beverage,3.04,14.22,13.8,4.96,Very_Low,369,24.5,52,Ambient,Long_Distance,Metallized_PET_PE,86,Very_Low,Very_Low,No
F00569,Peanuts,Nuts,5.49,49.49,25.75,6.65,Very_Low,177,25.1,60,Ambient,Normal,Metallized_PET_PE,87,Very_Low,Very_Low,No
F00570,Cheese,Dairy,37.2,32.06,24.19,5.27,Very_Low,59,4.1,92,Chilled,Long_Distance,PA_PE_Vacuum,82,Low,Very_Low,Yes
F00571,Bread,Bakery,38.18,4.07,8.96,5.67,Very_Low,6,24.9,62,Ambient,Normal,LDPE_Bag,52,Medium,Medium,No
F00572,Mango,Fresh Produce,85.09,0.3,0.85,3.9,High,23,10.0,90,Chilled,Refrigerated,Breathable_PE,36,High,High,Yes
F00573,Carrot,Fresh Produce,88.29,0.19,0.85,5.9,High,29,4.3,84,Chilled,Normal,Micro_Perforated_PE,32,High,High,Yes
F00574,Onion,Vegetable,89.69,0.0,0.97,5.62,Low,109,19.8,51,Ambient,Long_Distance,Breathable_PP,48,High,Medium,Yes
F00575,Rice,Grain,12.78,0.81,6.9,6.44,Very_Low,381,24.2,57,Ambient,Long_Distance,HDPE,79,Low,Low,No
F00576,Wheat Flour,Grain,11.58,1.44,12.91,6.06,Very_Low,180,25.5,66,Ambient,Long_Distance,HDPE,76,Low,Low,No
F00577,Ground Coffee,Beverage,2.75,14.45,13.76,4.99,Very_Low,346,25.0,46,Ambient,Normal,High_Barrier_Laminate,84,Very_Low,Very_Low,No
F00578,Butter,Dairy,15.88,79.76,1.27,6.3,Very_Low,113,3.1,81,Chilled,Refrigerated,Aluminum_Foil_Laminate,96,Very_Low,Very_Low,No
F00579,Yogurt,Dairy,85.05,3.03,4.16,4.18,Very_Low,30,4.4,81,Chilled,Refrigerated,PP_Cup_Foil_Lid,44,Medium,Low,Yes
F00580,Fish,Seafood,77.53,5.19,21.0,6.24,Very_Low,6,2.7,88,Chilled,Long_Distance,PA_PE_Vacuum,87,Low,Very_Low,Yes
F00581,Potato Chips,Snacks,1.98,29.23,5.91,6.08,Very_Low,180,24.9,77,Ambient,Normal,Metallized_PET_PE,84,Low,Very_Low,Yes
F00582,Milk Powder,Dairy,3.98,26.8,24.92,6.61,Very_Low,382,25.0,65,Ambient,Normal,Aluminum_Laminate,99,Very_Low,Very_Low,No
F00583,Tomato,Fresh Produce,96.39,0.18,0.91,4.21,High,16,5.5,79,Chilled,Refrigerated,Micro_Perforated_PE,33,High,High,Yes
F00584,Apple,Fresh Produce,86.3,0.32,0.3,3.67,High,60,4.7,76,Chilled,Normal,Micro_Perforated_PE,39,High,High,Yes
F00585,Biscuits,Bakery,4.14,17.96,6.76,6.98,Very_Low,185,24.9,66,Ambient,Normal,BOPP_PE,58,Low,Low,No
F00586,Fresh Chicken,Meat,73.82,7.71,22.37,5.97,Very_Low,5,3.9,86,Chilled,Normal,PA_PE_Vacuum,84,Low,Very_Low,Yes
F00587,Frozen Peas,Frozen Vegetable,76.09,0.26,5.62,6.21,Low,372,-20.2,75,Frozen,Normal,PE_Film,74,Medium,Low,Yes
F00588,Coffee Powder,Beverage,2.67,14.75,13.23,5.07,Very_Low,370,24.7,52,Ambient,Long_Distance,Metallized_PET_PE,87,Very_Low,Very_Low,No
F00589,Peanuts,Nuts,5.8,48.67,24.34,6.21,Very_Low,183,25.9,46,Ambient,Normal,Metallized_PET_PE,80,Very_Low,Very_Low,No
F00590,Cheese,Dairy,36.79,32.01,25.26,5.23,Very_Low,58,4.2,93,Chilled,Refrigerated,PA_PE_Vacuum,97,Low,Very_Low,Yes
F00591,Bread,Bakery,37.3,3.98,9.43,5.59,Very_Low,7,24.9,60,Ambient,Long_Distance,LDPE_Bag,47,Medium,Medium,No
F00592,Mango,Fresh Produce,79.93,0.2,0.7,3.92,High,23,10.3,91,Chilled,Refrigerated,Breathable_PE,37,High,High,Yes
F00593,Carrot,Fresh Produce,88.03,0.07,0.95,6.12,High,31,4.9,86,Chilled,Refrigerated,Micro_Perforated_PE,45,High,High,Yes
F00594,Onion,Vegetable,93.86,0.03,1.26,5.55,Low,123,19.2,58,Ambient,Normal,Breathable_PP,46,High,Medium,Yes
F00595,Rice,Grain,11.71,0.74,7.41,6.28,Very_Low,362,25.6,59,Ambient,Long_Distance,HDPE,84,Low,Low,No
F00596,Wheat Flour,Grain,11.93,1.53,12.87,6.19,Very_Low,181,24.0,67,Ambient,Normal,HDPE,78,Low,Low,No
F00597,Ground Coffee,Beverage,2.89,14.66,14.11,5.05,Very_Low,380,25.3,64,Ambient,Long_Distance,High_Barrier_Laminate,88,Very_Low,Very_Low,No
F00598,Butter,Dairy,15.53,80.47,1.06,6.01,Very_Low,121,4.1,85,Chilled,Long_Distance,Aluminum_Foil_Laminate,95,Very_Low,Very_Low,No
F00599,Yogurt,Dairy,90.79,3.21,3.79,4.43,Very_Low,30,3.8,88,Chilled,Normal,PP_Cup_Foil_Lid,50,Medium,Low,Yes
F00600,Fish,Seafood,75.16,4.89,18.91,6.12,Very_Low,4,2.9,84,Chilled,Long_Distance,PA_PE_Vacuum,88,Low,Very_Low,Yes
F00601,Potato Chips,Snacks,1.77,30.06,6.19,6.26,Very_Low,182,25.0,63,Ambient,Normal,Metallized_PET_PE,81,Low,Very_Low,Yes
F00602,Milk Powder,Dairy,4.22,27.73,26.66,6.71,Very_Low,339,25.7,63,Ambient,Long_Distance,Aluminum_Laminate,100,Very_Low,Very_Low,No
F00603,Tomato,Fresh Produce,96.53,0.2,0.78,4.07,High,15,5.8,79,Chilled,Normal,Micro_Perforated_PE,32,High,High,Yes
F00604,Apple,Fresh Produce,83.71,0.0,0.28,3.61,High,60,4.4,85,Chilled,Refrigerated,Micro_Perforated_PE,42,High,High,Yes
F00605,Biscuits,Bakery,3.92,17.99,7.03,7.01,Very_Low,184,25.4,63,Ambient,Normal,BOPP_PE,62,Low,Low,No
F00606,Fresh Chicken,Meat,72.66,8.24,22.45,5.88,Very_Low,7,4.1,80,Chilled,Normal,PA_PE_Vacuum,101,Low,Very_Low,Yes
F00607,Frozen Peas,Frozen Vegetable,78.16,0.51,5.43,6.34,Low,380,-19.2,84,Frozen,Normal,PE_Film,75,Medium,Low,Yes
F00608,Coffee Powder,Beverage,3.1,15.04,13.19,5.08,Very_Low,372,25.0,68,Ambient,Long_Distance,Metallized_PET_PE,86,Very_Low,Very_Low,No
F00609,Peanuts,Nuts,5.94,47.34,25.2,6.25,Very_Low,179,25.0,66,Ambient,Normal,Metallized_PET_PE,85,Very_Low,Very_Low,No
F00610,Cheese,Dairy,37.58,32.65,26.27,5.38,Very_Low,65,3.5,88,Chilled,Normal,PA_PE_Vacuum,88,Low,Very_Low,Yes
F00611,Bread,Bakery,36.04,4.13,9.42,5.26,Very_Low,7,25.1,53,Ambient,Long_Distance,LDPE_Bag,43,Medium,Medium,No
F00612,Mango,Fresh Produce,88.46,0.4,0.51,4.01,High,22,9.5,77,Chilled,Normal,Breathable_PE,36,High,High,Yes
F00613,Carrot,Fresh Produce,83.94,0.16,1.0,5.96,High,29,5.5,82,Chilled,Normal,Micro_Perforated_PE,37,High,High,Yes
F00614,Onion,Vegetable,88.73,0.19,1.17,5.51,Low,121,19.3,46,Ambient,Long_Distance,Breathable_PP,49,High,Medium,Yes
F00615,Rice,Grain,12.22,0.71,7.16,6.45,Very_Low,351,25.4,53,Ambient,Normal,HDPE,83,Low,Low,No
F00616,Wheat Flour,Grain,11.6,1.47,13.09,5.87,Very_Low,191,25.3,57,Ambient,Long_Distance,HDPE,79,Low,Low,No
F00617,Ground Coffee,Beverage,3.54,15.23,13.56,4.97,Very_Low,371,26.0,48,Ambient,Long_Distance,High_Barrier_Laminate,96,Very_Low,Very_Low,No
F00618,Butter,Dairy,15.42,82.57,1.17,6.09,Very_Low,123,3.3,80,Chilled,Refrigerated,Aluminum_Foil_Laminate,91,Very_Low,Very_Low,No
F00619,Yogurt,Dairy,88.91,2.98,4.04,4.48,Very_Low,29,4.4,80,Chilled,Long_Distance,PP_Cup_Foil_Lid,47,Medium,Low,Yes
F00620,Fish,Seafood,72.77,5.01,20.07,6.17,Very_Low,3,2.4,81,Chilled,Normal,PA_PE_Vacuum,96,Low,Very_Low,Yes
F00621,Potato Chips,Snacks,2.08,30.38,6.21,6.1,Very_Low,190,24.7,49,Ambient,Long_Distance,Metallized_PET_PE,84,Low,Very_Low,Yes
F00622,Milk Powder,Dairy,4.11,26.41,26.01,6.55,Very_Low,321,25.4,68,Ambient,Normal,Aluminum_Laminate,94,Very_Low,Very_Low,No
F00623,Tomato,Fresh Produce,96.61,0.09,0.93,4.46,High,15,5.6,93,Chilled,Long_Distance,Micro_Perforated_PE,37,High,High,Yes
F00624,Apple,Fresh Produce,88.35,0.17,0.24,3.6,High,58,4.6,84,Chilled,Long_Distance,Micro_Perforated_PE,29,High,High,Yes
F00625,Biscuits,Bakery,3.87,17.82,6.79,7.1,Very_Low,202,24.6,71,Ambient,Long_Distance,BOPP_PE,62,Low,Low,No
F00626,Fresh Chicken,Meat,71.68,8.33,22.32,5.75,Very_Low,6,4.0,86,Chilled,Normal,PA_PE_Vacuum,85,Low,Very_Low,Yes
F00627,Frozen Peas,Frozen Vegetable,79.88,0.47,5.37,6.32,Low,354,-17.7,95,Frozen,Long_Distance,PE_Film,73,Medium,Low,Yes
F00628,Coffee Powder,Beverage,3.08,15.54,13.68,4.94,Very_Low,356,24.6,57,Ambient,Long_Distance,Metallized_PET_PE,84,Very_Low,Very_Low,No
F00629,Peanuts,Nuts,6.42,49.08,25.09,6.43,Very_Low,176,25.2,51,Ambient,Normal,Metallized_PET_PE,81,Very_Low,Very_Low,No
F00630,Cheese,Dairy,37.57,29.45,25.85,5.09,Very_Low,61,4.2,95,Chilled,Long_Distance,PA_PE_Vacuum,91,Low,Very_Low,Yes
F00631,Bread,Bakery,36.95,4.1,8.9,5.46,Very_Low,7,24.6,48,Ambient,Normal,LDPE_Bag,57,Medium,Medium,No
F00632,Mango,Fresh Produce,86.86,0.37,0.75,4.19,High,20,9.4,76,Chilled,Long_Distance,Breathable_PE,40,High,High,Yes
F00633,Carrot,Fresh Produce,88.32,0.27,0.95,6.07,High,29,5.4,85,Chilled,Normal,Micro_Perforated_PE,36,High,High,Yes
F00634,Onion,Vegetable,90.53,0.08,1.1,5.39,Low,118,19.5,51,Ambient,Long_Distance,Breathable_PP,52,High,Medium,Yes
F00635,Rice,Grain,12.52,0.86,7.2,6.6,Very_Low,327,25.1,56,Ambient,Normal,HDPE,84,Low,Low,No
F00636,Wheat Flour,Grain,11.79,1.52,13.04,6.12,Very_Low,167,25.4,61,Ambient,Long_Distance,HDPE,84,Low,Low,No
F00637,Ground Coffee,Beverage,3.13,14.85,13.76,5.08,Very_Low,377,24.6,50,Ambient,Normal,High_Barrier_Laminate,85,Very_Low,Very_Low,No
F00638,Butter,Dairy,16.0,82.44,1.02,6.11,Very_Low,125,3.8,74,Chilled,Long_Distance,Aluminum_Foil_Laminate,89,Very_Low,Very_Low,No
F00639,Yogurt,Dairy,85.34,3.09,3.91,4.48,Very_Low,29,3.0,80,Chilled,Refrigerated,PP_Cup_Foil_Lid,44,Medium,Low,Yes
F00640,Fish,Seafood,69.24,5.12,19.9,5.91,Very_Low,4,1.8,74,Chilled,Refrigerated,PA_PE_Vacuum,94,Low,Very_Low,Yes
F00641,Potato Chips,Snacks,1.6,29.24,5.91,6.35,Very_Low,169,25.8,66,Ambient,Long_Distance,Metallized_PET_PE,86,Low,Very_Low,Yes
F00642,Milk Powder,Dairy,3.6,27.38,26.25,6.43,Very_Low,357,25.1,73,Ambient,Normal,Aluminum_Laminate,94,Very_Low,Very_Low,No
F00643,Tomato,Fresh Produce,96.64,0.24,0.92,4.56,High,13,5.0,69,Chilled,Long_Distance,Micro_Perforated_PE,46,High,High,Yes
F00644,Apple,Fresh Produce,88.06,0.14,0.34,3.6,High,60,4.7,80,Chilled,Normal,Micro_Perforated_PE,42,High,High,Yes
F00645,Biscuits,Bakery,3.8,18.41,7.21,6.99,Very_Low,170,25.9,52,Ambient,Normal,BOPP_PE,53,Low,Low,No
F00646,Fresh Chicken,Meat,67.71,8.18,23.09,5.85,Very_Low,4,3.8,81,Chilled,Long_Distance,PA_PE_Vacuum,95,Low,Very_Low,Yes
F00647,Frozen Peas,Frozen Vegetable,77.15,0.38,5.42,6.11,Low,383,-17.6,78,Frozen,Long_Distance,PE_Film,67,Medium,Low,Yes
F00648,Coffee Powder,Beverage,3.15,15.28,14.31,5.01,Very_Low,370,25.1,54,Ambient,Normal,Metallized_PET_PE,71,Very_Low,Very_Low,No
F00649,Peanuts,Nuts,5.85,50.73,25.26,6.55,Very_Low,192,24.5,51,Ambient,Long_Distance,Metallized_PET_PE,69,Very_Low,Very_Low,No
F00650,Cheese,Dairy,38.11,31.5,25.38,5.28,Very_Low,56,3.2,79,Chilled,Refrigerated,PA_PE_Vacuum,87,Low,Very_Low,Yes
F00651,Bread,Bakery,39.47,4.09,8.94,5.54,Very_Low,6,25.5,63,Ambient,Normal,LDPE_Bag,54,Medium,Medium,No
F00652,Mango,Fresh Produce,82.79,0.4,0.8,4.01,High,21,9.5,90,Chilled,Normal,Breathable_PE,32,High,High,Yes
F00653,Carrot,Fresh Produce,90.44,0.19,0.96,5.81,High,29,5.0,93,Chilled,Long_Distance,Micro_Perforated_PE,43,High,High,Yes
F00654,Onion,Vegetable,88.86,0.0,1.11,5.63,Low,120,20.4,51,Ambient,Normal,Breathable_PP,50,High,Medium,Yes
F00655,Rice,Grain,12.65,0.53,6.8,6.22,Very_Low,401,24.5,44,Ambient,Long_Distance,HDPE,77,Low,Low,No
F00656,Wheat Flour,Grain,11.63,1.5,12.81,5.97,Very_Low,198,24.5,60,Ambient,Normal,HDPE,76,Low,Low,No
F00657,Ground Coffee,Beverage,3.06,15.46,13.58,4.72,Very_Low,377,26.3,59,Ambient,Long_Distance,High_Barrier_Laminate,91,Very_Low,Very_Low,No
F00658,Butter,Dairy,15.7,81.93,1.11,5.99,Very_Low,122,3.9,85,Chilled,Refrigerated,Aluminum_Foil_Laminate,92,Very_Low,Very_Low,No
F00659,Yogurt,Dairy,88.06,2.97,4.19,4.33,Very_Low,30,4.4,85,Chilled,Refrigerated,PP_Cup_Foil_Lid,43,Medium,Low,Yes
F00660,Fish,Seafood,75.34,4.94,20.51,6.22,Very_Low,5,1.5,83,Chilled,Long_Distance,PA_PE_Vacuum,95,Low,Very_Low,Yes
F00661,Potato Chips,Snacks,1.61,29.92,6.06,6.22,Very_Low,192,26.3,65,Ambient,Normal,Metallized_PET_PE,86,Low,Very_Low,Yes
F00662,Milk Powder,Dairy,3.78,26.67,26.12,6.64,Very_Low,351,25.4,76,Ambient,Long_Distance,Aluminum_Laminate,95,Very_Low,Very_Low,No
F00663,Tomato,Fresh Produce,92.12,0.27,0.98,4.23,High,14,6.3,94,Chilled,Normal,Micro_Perforated_PE,35,High,High,Yes
F00664,Apple,Fresh Produce,89.44,0.26,0.48,3.35,High,63,5.5,71,Chilled,Normal,Micro_Perforated_PE,39,High,High,Yes
F00665,Biscuits,Bakery,4.3,17.98,7.29,6.92,Very_Low,180,24.5,60,Ambient,Normal,BOPP_PE,53,Low,Low,No
F00666,Fresh Chicken,Meat,71.72,7.52,21.23,5.56,Very_Low,5,3.9,87,Chilled,Refrigerated,PA_PE_Vacuum,89,Low,Very_Low,Yes
F00667,Frozen Peas,Frozen Vegetable,81.54,0.05,5.47,6.14,Low,345,-17.9,83,Frozen,Long_Distance,PE_Film,73,Medium,Low,Yes
F00668,Coffee Powder,Beverage,2.93,15.22,12.8,4.95,Very_Low,357,25.7,63,Ambient,Normal,Metallized_PET_PE,82,Very_Low,Very_Low,No
F00669,Peanuts,Nuts,6.51,49.77,24.7,6.41,Very_Low,179,25.3,59,Ambient,Long_Distance,Metallized_PET_PE,79,Very_Low,Very_Low,No
F00670,Cheese,Dairy,37.56,32.67,24.27,5.16,Very_Low,57,4.3,95,Chilled,Normal,PA_PE_Vacuum,94,Low,Very_Low,Yes
F00671,Bread,Bakery,38.12,3.96,8.96,5.52,Very_Low,7,25.2,58,Ambient,Long_Distance,LDPE_Bag,52,Medium,Medium,No
F00672,Mango,Fresh Produce,81.21,0.56,0.73,4.13,High,21,10.6,94,Chilled,Normal,Breathable_PE,36,High,High,Yes
F00673,Carrot,Fresh Produce,87.01,0.08,0.68,5.97,High,30,5.0,83,Chilled,Long_Distance,Micro_Perforated_PE,40,High,High,Yes
F00674,Onion,Vegetable,88.16,0.17,1.12,5.46,Low,128,21.0,50,Ambient,Long_Distance,Breathable_PP,53,High,Medium,Yes
F00675,Rice,Grain,12.02,0.76,7.06,6.49,Very_Low,352,25.0,68,Ambient,Normal,HDPE,89,Low,Low,No
F00676,Wheat Flour,Grain,11.99,1.38,13.54,5.94,Very_Low,178,24.5,64,Ambient,Long_Distance,HDPE,78,Low,Low,No
F00677,Ground Coffee,Beverage,2.96,14.9,13.93,5.22,Very_Low,345,24.8,72,Ambient,Normal,High_Barrier_Laminate,88,Very_Low,Very_Low,No
F00678,Butter,Dairy,15.77,80.55,0.93,6.44,Very_Low,111,5.4,81,Chilled,Refrigerated,Aluminum_Foil_Laminate,91,Very_Low,Very_Low,No
F00679,Yogurt,Dairy,88.77,3.12,3.96,4.37,Very_Low,32,5.1,85,Chilled,Long_Distance,PP_Cup_Foil_Lid,44,Medium,Low,Yes
F00680,Fish,Seafood,74.8,5.29,18.95,6.21,Very_Low,3,0.7,87,Chilled,Normal,PA_PE_Vacuum,91,Low,Very_Low,Yes
F00681,Potato Chips,Snacks,2.07,29.52,6.1,6.1,Very_Low,171,25.4,66,Ambient,Normal,Metallized_PET_PE,74,Low,Very_Low,Yes
F00682,Milk Powder,Dairy,3.98,26.93,25.9,6.32,Very_Low,341,25.2,62,Ambient,Long_Distance,Aluminum_Laminate,103,Very_Low,Very_Low,No
F00683,Tomato,Fresh Produce,93.44,0.03,0.8,4.19,High,14,4.5,91,Chilled,Refrigerated,Micro_Perforated_PE,34,High,High,Yes
F00684,Apple,Fresh Produce,83.31,0.17,0.3,3.53,High,57,5.6,80,Chilled,Refrigerated,Micro_Perforated_PE,32,High,High,Yes
F00685,Biscuits,Bakery,3.47,18.16,7.07,7.08,Very_Low,186,25.9,46,Ambient,Long_Distance,BOPP_PE,54,Low,Low,No
F00686,Fresh Chicken,Meat,69.88,8.86,22.63,5.77,Very_Low,5,3.6,86,Chilled,Refrigerated,PA_PE_Vacuum,79,Low,Very_Low,Yes
F00687,Frozen Peas,Frozen Vegetable,84.78,0.3,5.25,6.13,Low,369,-18.5,89,Frozen,Long_Distance,PE_Film,65,Medium,Low,Yes
F00688,Coffee Powder,Beverage,2.72,15.19,14.55,5.31,Very_Low,371,25.3,55,Ambient,Long_Distance,Metallized_PET_PE,77,Very_Low,Very_Low,No
F00689,Peanuts,Nuts,5.95,49.32,24.44,6.39,Very_Low,183,24.6,49,Ambient,Normal,Metallized_PET_PE,86,Very_Low,Very_Low,No
F00690,Cheese,Dairy,37.43,33.61,25.26,5.16,Very_Low,60,4.0,95,Chilled,Refrigerated,PA_PE_Vacuum,88,Low,Very_Low,Yes
F00691,Bread,Bakery,36.6,4.2,8.8,5.4,Very_Low,5,24.8,58,Ambient,Long_Distance,LDPE_Bag,54,Medium,Medium,No
F00692,Mango,Fresh Produce,86.25,0.42,0.83,4.04,High,20,10.5,74,Chilled,Refrigerated,Breathable_PE,35,High,High,Yes
F00693,Carrot,Fresh Produce,82.5,0.23,1.11,6.0,High,27,4.7,83,Chilled,Refrigerated,Micro_Perforated_PE,35,High,High,Yes
F00694,Onion,Vegetable,86.84,0.18,1.12,5.53,Low,115,20.3,53,Ambient,Normal,Breathable_PP,47,High,Medium,Yes
F00695,Rice,Grain,12.19,0.59,7.26,6.52,Very_Low,377,25.0,45,Ambient,Long_Distance,HDPE,76,Low,Low,No
F00696,Wheat Flour,Grain,11.61,1.53,12.99,5.91,Very_Low,161,24.9,72,Ambient,Normal,HDPE,82,Low,Low,No
F00697,Ground Coffee,Beverage,2.95,14.76,15.21,5.03,Very_Low,350,25.7,70,Ambient,Long_Distance,High_Barrier_Laminate,99,Very_Low,Very_Low,No
F00698,Butter,Dairy,15.9,83.8,0.93,6.02,Very_Low,119,4.1,80,Chilled,Normal,Aluminum_Foil_Laminate,75,Very_Low,Very_Low,No
F00699,Yogurt,Dairy,85.69,3.12,3.8,4.22,Very_Low,30,4.0,79,Chilled,Long_Distance,PP_Cup_Foil_Lid,54,Medium,Low,Yes
F00700,Fish,Seafood,73.37,5.03,20.01,6.53,Very_Low,5,2.6,91,Chilled,Refrigerated,PA_PE_Vacuum,84,Low,Very_Low,Yes
F00701,Potato Chips,Snacks,2.97,30.81,6.11,6.3,Very_Low,173,25.2,60,Ambient,Long_Distance,Metallized_PET_PE,89,Low,Very_Low,Yes
F00702,Milk Powder,Dairy,4.3,25.63,26.74,6.49,Very_Low,392,25.4,54,Ambient,Long_Distance,Aluminum_Laminate,92,Very_Low,Very_Low,No
F00703,Tomato,Fresh Produce,98.93,0.26,0.92,4.36,High,13,5.8,95,Chilled,Long_Distance,Micro_Perforated_PE,42,High,High,Yes
F00704,Apple,Fresh Produce,86.84,0.32,0.37,3.49,High,59,5.6,91,Chilled,Refrigerated,Micro_Perforated_PE,36,High,High,Yes
F00705,Biscuits,Bakery,3.7,18.28,7.18,7.02,Very_Low,190,24.4,63,Ambient,Long_Distance,BOPP_PE,54,Low,Low,No
F00706,Fresh Chicken,Meat,72.76,8.3,23.44,5.76,Very_Low,5,4.6,85,Chilled,Normal,PA_PE_Vacuum,88,Low,Very_Low,Yes
F00707,Frozen Peas,Frozen Vegetable,80.13,0.3,5.44,6.15,Low,389,-19.1,76,Frozen,Long_Distance,PE_Film,68,Medium,Low,Yes
F00708,Coffee Powder,Beverage,3.07,15.18,15.05,4.97,Very_Low,359,25.1,68,Ambient,Normal,Metallized_PET_PE,72,Very_Low,Very_Low,No
F00709,Peanuts,Nuts,6.28,49.2,24.11,6.43,Very_Low,186,25.6,59,Ambient,Long_Distance,Metallized_PET_PE,75,Very_Low,Very_Low,No
F00710,Cheese,Dairy,36.34,33.15,25.44,5.29,Very_Low,62,4.5,82,Chilled,Refrigerated,PA_PE_Vacuum,100,Low,Very_Low,Yes
F00711,Bread,Bakery,38.44,4.09,8.87,5.6,Very_Low,8,24.4,57,Ambient,Normal,LDPE_Bag,56,Medium,Medium,No
F00712,Mango,Fresh Produce,84.72,0.55,0.81,4.12,High,24,10.3,85,Chilled,Refrigerated,Breathable_PE,44,High,High,Yes
F00713,Carrot,Fresh Produce,91.61,0.24,0.72,6.0,High,31,4.4,89,Chilled,Normal,Micro_Perforated_PE,48,High,High,Yes
F00714,Onion,Vegetable,86.75,0.12,1.22,5.48,Low,118,20.2,55,Ambient,Long_Distance,Breathable_PP,51,High,Medium,Yes
F00715,Rice,Grain,11.6,0.83,7.33,6.54,Very_Low,387,25.1,59,Ambient,Long_Distance,HDPE,78,Low,Low,No
F00716,Wheat Flour,Grain,12.18,1.34,12.69,6.15,Very_Low,175,25.1,50,Ambient,Long_Distance,HDPE,78,Low,Low,No
F00717,Ground Coffee,Beverage,3.12,15.11,14.3,4.99,Very_Low,395,26.3,65,Ambient,Normal,High_Barrier_Laminate,91,Very_Low,Very_Low,No
F00718,Butter,Dairy,16.23,84.92,1.05,6.09,Very_Low,122,3.8,80,Chilled,Normal,Aluminum_Foil_Laminate,90,Very_Low,Very_Low,No
F00719,Yogurt,Dairy,89.26,2.87,4.06,4.3,Very_Low,30,3.5,91,Chilled,Long_Distance,PP_Cup_Foil_Lid,46,Medium,Low,Yes
F00720,Fish,Seafood,75.19,5.07,19.82,6.2,Very_Low,5,1.6,85,Chilled,Long_Distance,PA_PE_Vacuum,92,Low,Very_Low,Yes
F00721,Potato Chips,Snacks,1.75,29.77,6.01,6.42,Very_Low,171,25.4,50,Ambient,Normal,Metallized_PET_PE,74,Low,Very_Low,Yes
F00722,Milk Powder,Dairy,4.21,27.05,25.69,6.79,Very_Low,368,25.3,67,Ambient,Normal,Aluminum_Laminate,93,Very_Low,Very_Low,No
F00723,Tomato,Fresh Produce,94.96,0.27,0.96,4.27,High,14,4.8,73,Chilled,Long_Distance,Micro_Perforated_PE,41,High,High,Yes
F00724,Apple,Fresh Produce,88.77,0.29,0.25,3.43,High,58,4.8,87,Chilled,Long_Distance,Micro_Perforated_PE,37,High,High,Yes
F00725,Biscuits,Bakery,4.37,18.01,6.9,6.82,Very_Low,176,26.2,42,Ambient,Normal,BOPP_PE,57,Low,Low,No
F00726,Fresh Chicken,Meat,72.26,8.21,22.14,5.62,Very_Low,7,3.7,94,Chilled,Refrigerated,PA_PE_Vacuum,89,Low,Very_Low,Yes
F00727,Frozen Peas,Frozen Vegetable,78.49,0.27,5.16,6.0,Low,369,-18.2,85,Frozen,Normal,PE_Film,67,Medium,Low,Yes
F00728,Coffee Powder,Beverage,3.67,14.58,13.61,5.18,Very_Low,369,25.5,54,Ambient,Long_Distance,Metallized_PET_PE,79,Very_Low,Very_Low,No
F00729,Peanuts,Nuts,6.27,49.69,25.37,6.46,Very_Low,183,24.6,65,Ambient,Normal,Metallized_PET_PE,77,Very_Low,Very_Low,No
F00730,Cheese,Dairy,34.49,32.85,23.93,5.14,Very_Low,59,3.8,80,Chilled,Refrigerated,PA_PE_Vacuum,85,Low,Very_Low,Yes
F00731,Bread,Bakery,38.75,3.81,9.2,5.6,Very_Low,8,24.2,48,Ambient,Normal,LDPE_Bag,48,Medium,Medium,No
F00732,Mango,Fresh Produce,88.54,0.21,0.75,4.07,High,19,9.5,76,Chilled,Normal,Breathable_PE,38,High,High,Yes
F00733,Carrot,Fresh Produce,87.23,0.18,0.88,6.22,High,28,4.1,71,Chilled,Refrigerated,Micro_Perforated_PE,36,High,High,Yes
F00734,Onion,Vegetable,90.85,0.04,1.13,5.46,Low,119,18.8,58,Ambient,Normal,Breathable_PP,55,High,Medium,Yes
F00735,Rice,Grain,12.55,0.63,7.29,6.57,Very_Low,341,23.7,53,Ambient,Normal,HDPE,81,Low,Low,No
F00736,Wheat Flour,Grain,11.74,1.56,13.26,6.05,Very_Low,183,25.2,63,Ambient,Normal,HDPE,78,Low,Low,No
F00737,Ground Coffee,Beverage,2.98,14.76,13.87,4.9,Very_Low,367,24.7,50,Ambient,Normal,High_Barrier_Laminate,93,Very_Low,Very_Low,No
F00738,Butter,Dairy,15.6,80.19,1.14,6.29,Very_Low,119,4.2,80,Chilled,Refrigerated,Aluminum_Foil_Laminate,91,Very_Low,Very_Low,No
F00739,Yogurt,Dairy,88.73,2.92,3.81,4.47,Very_Low,31,4.8,83,Chilled,Refrigerated,PP_Cup_Foil_Lid,48,Medium,Low,Yes
F00740,Fish,Seafood,75.07,5.14,20.49,6.31,Very_Low,4,2.3,90,Chilled,Long_Distance,PA_PE_Vacuum,85,Low,Very_Low,Yes
F00741,Potato Chips,Snacks,2.28,29.57,6.18,6.05,Very_Low,184,24.6,61,Ambient,Long_Distance,Metallized_PET_PE,84,Low,Very_Low,Yes
F00742,Milk Powder,Dairy,3.9,25.54,25.83,6.43,Very_Low,382,25.6,44,Ambient,Long_Distance,Aluminum_Laminate,105,Very_Low,Very_Low,No
F00743,Tomato,Fresh Produce,94.03,0.22,0.99,4.36,High,15,3.8,72,Chilled,Long_Distance,Micro_Perforated_PE,36,High,High,Yes
F00744,Apple,Fresh Produce,84.24,0.42,0.3,3.62,High,61,5.2,73,Chilled,Long_Distance,Micro_Perforated_PE,38,High,High,Yes
F00745,Biscuits,Bakery,4.18,18.29,7.03,6.93,Very_Low,191,24.7,54,Ambient,Long_Distance,BOPP_PE,64,Low,Low,No
F00746,Fresh Chicken,Meat,72.25,7.99,22.36,5.79,Very_Low,5,3.9,85,Chilled,Normal,PA_PE_Vacuum,90,Low,Very_Low,Yes
F00747,Frozen Peas,Frozen Vegetable,77.74,0.52,5.48,6.07,Low,381,-18.4,83,Frozen,Normal,PE_Film,65,Medium,Low,Yes
F00748,Coffee Powder,Beverage,3.0,14.85,13.75,4.76,Very_Low,333,26.0,72,Ambient,Normal,Metallized_PET_PE,77,Very_Low,Very_Low,No
F00749,Peanuts,Nuts,5.63,47.61,26.26,6.55,Very_Low,187,25.0,58,Ambient,Long_Distance,Metallized_PET_PE,82,Very_Low,Very_Low,No
F00750,Cheese,Dairy,36.76,32.81,25.84,5.35,Very_Low,59,4.5,87,Chilled,Refrigerated,PA_PE_Vacuum,90,Low,Very_Low,Yes
F00751,Bread,Bakery,38.56,3.97,9.4,5.43,Very_Low,7,24.8,64,Ambient,Normal,LDPE_Bag,53,Medium,Medium,No
F00752,Mango,Fresh Produce,81.34,0.44,0.97,4.0,High,21,10.8,77,Chilled,Refrigerated,Breathable_PE,49,High,High,Yes
F00753,Carrot,Fresh Produce,86.1,0.31,0.93,6.14,High,30,4.9,82,Chilled,Normal,Micro_Perforated_PE,37,High,High,Yes
F00754,Onion,Vegetable,88.19,0.15,1.15,5.66,Low,120,20.2,56,Ambient,Long_Distance,Breathable_PP,51,High,Medium,Yes
F00755,Rice,Grain,12.46,0.79,7.21,6.47,Very_Low,333,24.2,60,Ambient,Normal,HDPE,77,Low,Low,No
F00756,Wheat Flour,Grain,11.93,1.55,13.09,5.9,Very_Low,185,24.6,48,Ambient,Long_Distance,HDPE,72,Low,Low,No
F00757,Ground Coffee,Beverage,2.78,16.2,14.76,4.99,Very_Low,393,25.6,54,Ambient,Normal,High_Barrier_Laminate,86,Very_Low,Very_Low,No
F00758,Butter,Dairy,15.45,83.19,1.08,6.09,Very_Low,115,3.8,66,Chilled,Long_Distance,Aluminum_Foil_Laminate,92,Very_Low,Very_Low,No
F00759,Yogurt,Dairy,83.44,2.9,3.94,4.25,Very_Low,32,3.4,89,Chilled,Refrigerated,PP_Cup_Foil_Lid,42,Medium,Low,Yes
F00760,Fish,Seafood,77.64,4.93,20.38,6.19,Very_Low,6,2.0,78,Chilled,Long_Distance,PA_PE_Vacuum,97,Low,Very_Low,Yes
F00761,Potato Chips,Snacks,1.45,30.55,6.19,6.09,Very_Low,178,25.1,65,Ambient,Long_Distance,Metallized_PET_PE,70,Low,Very_Low,Yes
F00762,Milk Powder,Dairy,4.08,24.48,25.43,6.56,Very_Low,336,24.8,69,Ambient,Long_Distance,Aluminum_Laminate,94,Very_Low,Very_Low,No
F00763,Tomato,Fresh Produce,90.86,0.11,0.79,4.38,High,15,5.1,74,Chilled,Long_Distance,Micro_Perforated_PE,49,High,High,Yes
F00764,Apple,Fresh Produce,85.18,0.12,0.3,3.32,High,63,5.0,84,Chilled,Long_Distance,Micro_Perforated_PE,40,High,High,Yes
F00765,Biscuits,Bakery,3.63,18.77,7.33,7.11,Very_Low,173,24.8,61,Ambient,Normal,BOPP_PE,56,Low,Low,No
F00766,Fresh Chicken,Meat,70.18,8.11,22.18,5.85,Very_Low,6,4.3,82,Chilled,Normal,PA_PE_Vacuum,91,Low,Very_Low,Yes
F00767,Frozen Peas,Frozen Vegetable,79.99,0.4,5.33,6.22,Low,376,-18.7,87,Frozen,Long_Distance,PE_Film,75,Medium,Low,Yes
F00768,Coffee Powder,Beverage,2.71,15.3,13.99,4.95,Very_Low,336,25.0,61,Ambient,Long_Distance,Metallized_PET_PE,75,Very_Low,Very_Low,No
F00769,Peanuts,Nuts,5.85,47.5,25.21,6.18,Very_Low,164,24.9,60,Ambient,Long_Distance,Metallized_PET_PE,78,Very_Low,Very_Low,No
F00770,Cheese,Dairy,36.83,33.65,24.6,5.07,Very_Low,65,4.2,90,Chilled,Normal,PA_PE_Vacuum,85,Low,Very_Low,Yes
F00771,Bread,Bakery,37.9,4.13,9.19,5.67,Very_Low,7,25.7,58,Ambient,Long_Distance,LDPE_Bag,57,Medium,Medium,No
F00772,Mango,Fresh Produce,82.97,0.3,0.93,4.23,High,22,10.2,83,Chilled,Refrigerated,Breathable_PE,36,High,High,Yes
F00773,Carrot,Fresh Produce,87.91,0.33,0.96,6.06,High,31,4.8,95,Chilled,Normal,Micro_Perforated_PE,28,High,High,Yes
F00774,Onion,Vegetable,88.36,0.12,1.07,5.31,Low,130,20.1,71,Ambient,Long_Distance,Breathable_PP,49,High,Medium,Yes
F00775,Rice,Grain,11.79,0.69,7.41,6.47,Very_Low,380,26.1,45,Ambient,Normal,HDPE,79,Low,Low,No
F00776,Wheat Flour,Grain,12.12,1.35,13.2,5.78,Very_Low,184,24.5,56,Ambient,Long_Distance,HDPE,83,Low,Low,No
F00777,Ground Coffee,Beverage,3.37,15.46,13.89,4.78,Very_Low,331,25.5,66,Ambient,Normal,High_Barrier_Laminate,87,Very_Low,Very_Low,No
F00778,Butter,Dairy,16.31,81.0,1.11,6.48,Very_Low,111,3.9,65,Chilled,Normal,Aluminum_Foil_Laminate,91,Very_Low,Very_Low,No
F00779,Yogurt,Dairy,88.6,3.08,3.89,4.34,Very_Low,29,4.7,95,Chilled,Long_Distance,PP_Cup_Foil_Lid,48,Medium,Low,Yes
F00780,Fish,Seafood,73.68,4.95,19.83,6.16,Very_Low,4,2.1,82,Chilled,Refrigerated,PA_PE_Vacuum,82,Low,Very_Low,Yes
F00781,Potato Chips,Snacks,1.67,31.62,5.85,6.12,Very_Low,171,25.9,64,Ambient,Long_Distance,Metallized_PET_PE,75,Low,Very_Low,Yes
F00782,Milk Powder,Dairy,3.76,25.27,26.21,6.7,Very_Low,372,25.1,61,Ambient,Long_Distance,Aluminum_Laminate,102,Very_Low,Very_Low,No
F00783,Tomato,Fresh Produce,96.11,0.19,0.92,4.29,High,14,5.2,81,Chilled,Refrigerated,Micro_Perforated_PE,32,High,High,Yes
F00784,Apple,Fresh Produce,86.9,0.21,0.33,3.56,High,61,6.0,80,Chilled,Normal,Micro_Perforated_PE,42,High,High,Yes
F00785,Biscuits,Bakery,4.28,18.42,7.01,6.89,Very_Low,174,24.7,57,Ambient,Long_Distance,BOPP_PE,61,Low,Low,No
F00786,Fresh Chicken,Meat,70.26,7.7,22.25,5.77,Very_Low,7,4.5,86,Chilled,Refrigerated,PA_PE_Vacuum,93,Low,Very_Low,Yes
F00787,Frozen Peas,Frozen Vegetable,80.53,0.42,5.26,6.13,Low,389,-17.1,76,Frozen,Long_Distance,PE_Film,76,Medium,Low,Yes
F00788,Coffee Powder,Beverage,2.85,13.83,13.66,4.84,Very_Low,364,24.4,64,Ambient,Normal,Metallized_PET_PE,86,Very_Low,Very_Low,No
F00789,Peanuts,Nuts,5.88,49.05,26.1,6.47,Very_Low,190,25.7,71,Ambient,Normal,Metallized_PET_PE,81,Very_Low,Very_Low,No
F00790,Cheese,Dairy,36.71,32.67,25.64,5.35,Very_Low,59,4.1,87,Chilled,Long_Distance,PA_PE_Vacuum,95,Low,Very_Low,Yes
F00791,Bread,Bakery,38.48,4.06,8.85,5.48,Very_Low,5,25.4,52,Ambient,Normal,LDPE_Bag,46,Medium,Medium,No
F00792,Mango,Fresh Produce,85.7,0.43,1.09,3.88,High,19,9.8,72,Chilled,Refrigerated,Breathable_PE,33,High,High,Yes
F00793,Carrot,Fresh Produce,89.45,0.16,0.92,5.94,High,29,4.5,84,Chilled,Refrigerated,Micro_Perforated_PE,39,High,High,Yes
F00794,Onion,Vegetable,87.52,0.07,1.14,5.44,Low,121,20.7,53,Ambient,Long_Distance,Breathable_PP,48,High,Medium,Yes
F00795,Rice,Grain,12.25,0.68,7.06,6.7,Very_Low,326,25.2,77,Ambient,Long_Distance,HDPE,81,Low,Low,No
F00796,Wheat Flour,Grain,12.5,1.5,13.03,6.11,Very_Low,201,24.9,59,Ambient,Long_Distance,HDPE,76,Low,Low,No
F00797,Ground Coffee,Beverage,2.94,15.45,13.9,4.96,Very_Low,365,24.3,47,Ambient,Long_Distance,High_Barrier_Laminate,94,Very_Low,Very_Low,No
F00798,Butter,Dairy,15.82,77.12,0.84,6.18,Very_Low,121,4.5,90,Chilled,Refrigerated,Aluminum_Foil_Laminate,90,Very_Low,Very_Low,No
F00799,Yogurt,Dairy,90.35,3.16,3.97,4.55,Very_Low,29,3.5,66,Chilled,Normal,PP_Cup_Foil_Lid,58,Medium,Low,Yes
F00800,Fish,Seafood,75.28,5.11,21.04,6.07,Very_Low,4,2.0,77,Chilled,Refrigerated,PA_PE_Vacuum,76,Low,Very_Low,Yes
F00801,Potato Chips,Snacks,2.16,29.89,6.08,6.2,Very_Low,179,25.0,83,Ambient,Normal,Metallized_PET_PE,84,Low,Very_Low,Yes
F00802,Milk Powder,Dairy,3.95,25.66,26.35,6.51,Very_Low,344,25.1,63,Ambient,Long_Distance,Aluminum_Laminate,94,Very_Low,Very_Low,No
F00803,Tomato,Fresh Produce,93.17,0.37,0.77,4.43,High,15,6.2,76,Chilled,Normal,Micro_Perforated_PE,28,High,High,Yes
F00804,Apple,Fresh Produce,84.9,0.3,0.22,3.4,High,65,5.0,78,Chilled,Normal,Micro_Perforated_PE,40,High,High,Yes
F00805,Biscuits,Bakery,3.81,18.49,6.83,7.22,Very_Low,197,25.1,59,Ambient,Normal,BOPP_PE,65,Low,Low,No
F00806,Fresh Chicken,Meat,74.08,8.25,23.09,5.81,Very_Low,5,4.6,76,Chilled,Long_Distance,PA_PE_Vacuum,93,Low,Very_Low,Yes
F00807,Frozen Peas,Frozen Vegetable,77.36,0.34,5.26,6.3,Low,325,-18.9,84,Frozen,Normal,PE_Film,71,Medium,Low,Yes
F00808,Coffee Powder,Beverage,2.94,14.55,13.66,4.94,Very_Low,348,24.6,70,Ambient,Normal,Metallized_PET_PE,83,Very_Low,Very_Low,No
F00809,Peanuts,Nuts,5.63,49.66,24.47,6.44,Very_Low,174,24.4,59,Ambient,Normal,Metallized_PET_PE,73,Very_Low,Very_Low,No
F00810,Cheese,Dairy,37.14,32.81,24.37,5.1,Very_Low,58,4.1,92,Chilled,Refrigerated,PA_PE_Vacuum,90,Low,Very_Low,Yes
F00811,Bread,Bakery,38.37,3.8,9.16,5.49,Very_Low,8,24.6,52,Ambient,Long_Distance,LDPE_Bag,48,Medium,Medium,No
F00812,Mango,Fresh Produce,82.08,0.35,0.64,3.74,High,21,10.0,87,Chilled,Long_Distance,Breathable_PE,40,High,High,Yes
F00813,Carrot,Fresh Produce,84.78,0.33,0.53,6.01,High,31,4.7,67,Chilled,Refrigerated,Micro_Perforated_PE,40,High,High,Yes
F00814,Onion,Vegetable,88.36,0.22,1.07,5.46,Low,127,19.8,70,Ambient,Long_Distance,Breathable_PP,44,High,Medium,Yes
F00815,Rice,Grain,12.05,0.67,6.91,6.27,Very_Low,377,24.3,54,Ambient,Long_Distance,HDPE,82,Low,Low,No
F00816,Wheat Flour,Grain,11.6,1.62,12.43,6.02,Very_Low,171,24.1,60,Ambient,Normal,HDPE,89,Low,Low,No
F00817,Ground Coffee,Beverage,2.63,15.49,14.39,4.92,Very_Low,354,25.6,64,Ambient,Normal,High_Barrier_Laminate,81,Very_Low,Very_Low,No
F00818,Butter,Dairy,16.09,81.3,0.92,6.43,Very_Low,117,4.0,83,Chilled,Long_Distance,Aluminum_Foil_Laminate,100,Very_Low,Very_Low,No
F00819,Yogurt,Dairy,85.13,3.02,3.81,4.37,Very_Low,31,4.3,89,Chilled,Normal,PP_Cup_Foil_Lid,54,Medium,Low,Yes
F00820,Fish,Seafood,77.93,4.71,19.21,6.36,Very_Low,5,1.7,74,Chilled,Normal,PA_PE_Vacuum,87,Low,Very_Low,Yes
F00821,Potato Chips,Snacks,2.03,30.76,5.98,6.12,Very_Low,169,24.8,50,Ambient,Long_Distance,Metallized_PET_PE,78,Low,Very_Low,Yes
F00822,Milk Powder,Dairy,3.92,26.0,25.68,6.5,Very_Low,351,25.1,58,Ambient,Normal,Aluminum_Laminate,103,Very_Low,Very_Low,No
F00823,Tomato,Fresh Produce,96.2,0.0,0.94,4.39,High,13,4.8,95,Chilled,Normal,Micro_Perforated_PE,43,High,High,Yes
F00824,Apple,Fresh Produce,86.23,0.16,0.27,3.54,High,65,5.8,84,Chilled,Refrigerated,Micro_Perforated_PE,41,High,High,Yes
F00825,Biscuits,Bakery,4.15,17.47,7.34,7.15,Very_Low,166,24.5,41,Ambient,Normal,BOPP_PE,56,Low,Low,No
F00826,Fresh Chicken,Meat,73.76,7.86,22.41,5.72,Very_Low,3,4.2,75,Chilled,Long_Distance,PA_PE_Vacuum,88,Low,Very_Low,Yes
F00827,Frozen Peas,Frozen Vegetable,75.23,0.48,5.58,6.04,Low,371,-16.9,81,Frozen,Normal,PE_Film,73,Medium,Low,Yes
F00828,Coffee Powder,Beverage,3.42,15.56,14.06,5.17,Very_Low,359,24.4,75,Ambient,Normal,Metallized_PET_PE,83,Very_Low,Very_Low,No
F00829,Peanuts,Nuts,5.88,48.7,26.2,6.25,Very_Low,191,24.5,49,Ambient,Normal,Metallized_PET_PE,86,Very_Low,Very_Low,No
F00830,Cheese,Dairy,37.71,33.72,26.66,5.09,Very_Low,64,3.5,89,Chilled,Normal,PA_PE_Vacuum,94,Low,Very_Low,Yes
F00831,Bread,Bakery,36.56,4.06,8.84,5.37,Very_Low,5,24.9,49,Ambient,Normal,LDPE_Bag,50,Medium,Medium,No
F00832,Mango,Fresh Produce,86.11,0.2,0.88,3.87,High,21,10.6,65,Chilled,Normal,Breathable_PE,44,High,High,Yes
F00833,Carrot,Fresh Produce,93.96,0.19,0.81,5.83,High,30,4.9,85,Chilled,Refrigerated,Micro_Perforated_PE,39,High,High,Yes
F00834,Onion,Vegetable,88.42,0.12,1.01,5.51,Low,120,20.5,56,Ambient,Long_Distance,Breathable_PP,56,High,Medium,Yes
F00835,Rice,Grain,11.44,0.61,6.81,6.67,Very_Low,362,25.6,55,Ambient,Normal,HDPE,82,Low,Low,No
F00836,Wheat Flour,Grain,12.28,1.64,12.28,5.89,Very_Low,196,24.5,84,Ambient,Long_Distance,HDPE,71,Low,Low,No
F00837,Ground Coffee,Beverage,3.01,15.28,14.08,5.16,Very_Low,364,24.9,64,Ambient,Long_Distance,High_Barrier_Laminate,90,Very_Low,Very_Low,No
F00838,Butter,Dairy,16.05,81.64,1.07,6.0,Very_Low,125,4.4,88,Chilled,Long_Distance,Aluminum_Foil_Laminate,88,Very_Low,Very_Low,No
F00839,Yogurt,Dairy,85.91,3.0,3.94,4.58,Very_Low,27,4.2,91,Chilled,Refrigerated,PP_Cup_Foil_Lid,54,Medium,Low,Yes
F00840,Fish,Seafood,76.92,5.13,20.39,6.29,Very_Low,7,1.8,93,Chilled,Refrigerated,PA_PE_Vacuum,92,Low,Very_Low,Yes
F00841,Potato Chips,Snacks,1.64,31.79,6.0,6.11,Very_Low,181,25.9,56,Ambient,Normal,Metallized_PET_PE,83,Low,Very_Low,Yes
F00842,Milk Powder,Dairy,4.03,27.06,26.1,6.79,Very_Low,355,24.5,57,Ambient,Long_Distance,Aluminum_Laminate,86,Very_Low,Very_Low,No
F00843,Tomato,Fresh Produce,95.1,0.27,0.69,4.55,High,14,4.0,86,Chilled,Refrigerated,Micro_Perforated_PE,40,High,High,Yes
F00844,Apple,Fresh Produce,90.49,0.16,0.28,3.6,High,60,5.2,95,Chilled,Normal,Micro_Perforated_PE,44,High,High,Yes
F00845,Biscuits,Bakery,4.24,17.54,6.63,7.02,Very_Low,183,25.7,49,Ambient,Normal,BOPP_PE,66,Low,Low,No
F00846,Fresh Chicken,Meat,72.98,7.96,24.64,5.9,Very_Low,4,4.9,79,Chilled,Long_Distance,PA_PE_Vacuum,90,Low,Very_Low,Yes
F00847,Frozen Peas,Frozen Vegetable,83.0,0.61,5.22,6.2,Low,342,-18.0,95,Frozen,Normal,PE_Film,75,Medium,Low,Yes
F00848,Coffee Powder,Beverage,2.71,15.06,13.92,5.06,Very_Low,365,24.2,62,Ambient,Long_Distance,Metallized_PET_PE,71,Very_Low,Very_Low,No
F00849,Peanuts,Nuts,5.72,47.53,25.52,6.45,Very_Low,172,24.7,65,Ambient,Long_Distance,Metallized_PET_PE,77,Very_Low,Very_Low,No
F00850,Cheese,Dairy,36.58,32.58,25.4,5.08,Very_Low,61,4.0,79,Chilled,Normal,PA_PE_Vacuum,85,Low,Very_Low,Yes
F00851,Bread,Bakery,38.41,4.05,9.07,5.45,Very_Low,7,25.1,65,Ambient,Normal,LDPE_Bag,51,Medium,Medium,No
F00852,Mango,Fresh Produce,78.65,0.43,0.85,3.9,High,21,10.3,87,Chilled,Normal,Breathable_PE,32,High,High,Yes
F00853,Carrot,Fresh Produce,87.68,0.13,0.99,6.01,High,30,4.6,71,Chilled,Long_Distance,Micro_Perforated_PE,41,High,High,Yes
F00854,Onion,Vegetable,89.2,0.0,0.83,5.63,Low,117,19.8,61,Ambient,Normal,Breathable_PP,48,High,Medium,Yes
F00855,Rice,Grain,12.51,0.67,6.98,6.5,Very_Low,365,24.5,51,Ambient,Normal,HDPE,86,Low,Low,No
F00856,Wheat Flour,Grain,12.01,1.62,12.85,6.03,Very_Low,168,24.9,62,Ambient,Normal,HDPE,71,Low,Low,No
F00857,Ground Coffee,Beverage,3.04,14.81,13.65,4.87,Very_Low,352,25.6,54,Ambient,Normal,High_Barrier_Laminate,87,Very_Low,Very_Low,No
F00858,Butter,Dairy,15.64,78.91,0.96,6.38,Very_Low,114,3.7,90,Chilled,Normal,Aluminum_Foil_Laminate,93,Very_Low,Very_Low,No
F00859,Yogurt,Dairy,86.8,3.02,4.08,4.27,Very_Low,29,4.4,85,Chilled,Normal,PP_Cup_Foil_Lid,51,Medium,Low,Yes
F00860,Fish,Seafood,76.19,4.98,19.73,6.23,Very_Low,5,2.4,94,Chilled,Long_Distance,PA_PE_Vacuum,92,Low,Very_Low,Yes
F00861,Potato Chips,Snacks,2.37,30.47,5.99,6.26,Very_Low,166,26.0,69,Ambient,Long_Distance,Metallized_PET_PE,87,Low,Very_Low,Yes
F00862,Milk Powder,Dairy,3.92,25.64,26.94,6.6,Very_Low,396,25.0,56,Ambient,Long_Distance,Aluminum_Laminate,97,Very_Low,Very_Low,No
F00863,Tomato,Fresh Produce,94.4,0.29,0.82,4.15,High,14,5.9,86,Chilled,Refrigerated,Micro_Perforated_PE,44,High,High,Yes
F00864,Apple,Fresh Produce,84.92,0.32,0.43,3.6,High,61,4.9,75,Chilled,Refrigerated,Micro_Perforated_PE,50,High,High,Yes
F00865,Biscuits,Bakery,3.9,18.19,6.94,7.08,Very_Low,187,24.9,50,Ambient,Normal,BOPP_PE,60,Low,Low,No
F00866,Fresh Chicken,Meat,73.01,7.71,24.37,5.75,Very_Low,6,4.1,87,Chilled,Refrigerated,PA_PE_Vacuum,95,Low,Very_Low,Yes
F00867,Frozen Peas,Frozen Vegetable,78.38,0.32,5.36,6.24,Low,359,-17.7,88,Frozen,Normal,PE_Film,74,Medium,Low,Yes
F00868,Coffee Powder,Beverage,3.04,14.55,13.93,5.01,Very_Low,354,25.4,51,Ambient,Normal,Metallized_PET_PE,90,Very_Low,Very_Low,No
F00869,Peanuts,Nuts,6.24,47.44,25.74,6.47,Very_Low,186,24.1,65,Ambient,Long_Distance,Metallized_PET_PE,69,Very_Low,Very_Low,No
F00870,Cheese,Dairy,37.15,33.2,24.08,5.35,Very_Low,60,3.6,81,Chilled,Long_Distance,PA_PE_Vacuum,91,Low,Very_Low,Yes
F00871,Bread,Bakery,38.92,3.91,8.71,5.51,Very_Low,5,25.3,63,Ambient,Normal,LDPE_Bag,48,Medium,Medium,No
F00872,Mango,Fresh Produce,82.18,0.35,0.66,3.94,High,20,10.1,75,Chilled,Normal,Breathable_PE,40,High,High,Yes
F00873,Carrot,Fresh Produce,89.39,0.17,1.02,6.08,High,30,4.9,72,Chilled,Normal,Micro_Perforated_PE,47,High,High,Yes
F00874,Onion,Vegetable,90.73,0.05,1.22,5.47,Low,117,20.2,51,Ambient,Normal,Breathable_PP,55,High,Medium,Yes
F00875,Rice,Grain,12.15,0.54,6.82,6.56,Very_Low,362,24.4,72,Ambient,Long_Distance,HDPE,76,Low,Low,No
F00876,Wheat Flour,Grain,11.86,1.27,12.62,6.24,Very_Low,175,24.0,51,Ambient,Normal,HDPE,82,Low,Low,No
F00877,Ground Coffee,Beverage,2.82,14.91,14.41,5.06,Very_Low,369,24.7,44,Ambient,Long_Distance,High_Barrier_Laminate,80,Very_Low,Very_Low,No
F00878,Butter,Dairy,15.1,81.47,1.19,6.16,Very_Low,119,4.1,80,Chilled,Refrigerated,Aluminum_Foil_Laminate,88,Very_Low,Very_Low,No
F00879,Yogurt,Dairy,84.97,3.05,4.27,4.41,Very_Low,32,3.5,87,Chilled,Long_Distance,PP_Cup_Foil_Lid,48,Medium,Low,Yes
F00880,Fish,Seafood,74.21,4.52,20.33,6.19,Very_Low,5,1.3,88,Chilled,Normal,PA_PE_Vacuum,98,Low,Very_Low,Yes
F00881,Potato Chips,Snacks,1.8,27.98,6.04,6.11,Very_Low,173,24.8,73,Ambient,Normal,Metallized_PET_PE,92,Low,Very_Low,Yes
F00882,Milk Powder,Dairy,4.27,25.57,25.45,6.51,Very_Low,340,25.4,54,Ambient,Normal,Aluminum_Laminate,96,Very_Low,Very_Low,No
F00883,Tomato,Fresh Produce,96.45,0.22,0.85,4.33,High,15,5.0,83,Chilled,Refrigerated,Micro_Perforated_PE,43,High,High,Yes
F00884,Apple,Fresh Produce,89.51,0.3,0.23,3.52,High,63,4.7,73,Chilled,Long_Distance,Micro_Perforated_PE,31,High,High,Yes
F00885,Biscuits,Bakery,4.18,17.98,7.17,7.16,Very_Low,190,25.2,60,Ambient,Normal,BOPP_PE,55,Low,Low,No
F00886,Fresh Chicken,Meat,72.62,8.06,23.2,5.94,Very_Low,6,3.4,94,Chilled,Normal,PA_PE_Vacuum,89,Low,Very_Low,Yes
F00887,Frozen Peas,Frozen Vegetable,78.29,0.52,5.38,6.14,Low,388,-18.9,79,Frozen,Long_Distance,PE_Film,66,Medium,Low,Yes
F00888,Coffee Powder,Beverage,2.92,14.49,14.01,4.91,Very_Low,393,24.9,54,Ambient,Long_Distance,Metallized_PET_PE,90,Very_Low,Very_Low,No
F00889,Peanuts,Nuts,5.81,51.18,24.45,6.33,Very_Low,161,25.0,55,Ambient,Normal,Metallized_PET_PE,73,Very_Low,Very_Low,No
F00890,Cheese,Dairy,38.37,33.1,24.96,5.01,Very_Low,63,3.8,85,Chilled,Normal,PA_PE_Vacuum,90,Low,Very_Low,Yes
F00891,Bread,Bakery,38.35,3.97,9.11,5.6,Very_Low,7,25.1,58,Ambient,Normal,LDPE_Bag,43,Medium,Medium,No
F00892,Mango,Fresh Produce,85.76,0.39,0.91,3.76,High,21,10.7,75,Chilled,Normal,Breathable_PE,45,High,High,Yes
F00893,Carrot,Fresh Produce,86.03,0.14,0.86,5.99,High,30,3.2,78,Chilled,Long_Distance,Micro_Perforated_PE,38,High,High,Yes
F00894,Onion,Vegetable,88.36,0.0,1.13,5.26,Low,124,20.0,75,Ambient,Long_Distance,Breathable_PP,49,High,Medium,Yes
F00895,Rice,Grain,12.19,0.71,7.11,6.36,Very_Low,370,25.6,53,Ambient,Normal,HDPE,76,Low,Low,No
F00896,Wheat Flour,Grain,11.72,1.52,12.95,6.03,Very_Low,163,25.7,64,Ambient,Normal,HDPE,93,Low,Low,No
F00897,Ground Coffee,Beverage,2.67,14.84,14.6,4.78,Very_Low,327,25.0,56,Ambient,Normal,High_Barrier_Laminate,90,Very_Low,Very_Low,No
F00898,Butter,Dairy,15.98,82.33,0.85,6.13,Very_Low,122,3.6,93,Chilled,Long_Distance,Aluminum_Foil_Laminate,86,Very_Low,Very_Low,No
F00899,Yogurt,Dairy,83.69,3.03,4.03,4.6,Very_Low,31,4.3,90,Chilled,Refrigerated,PP_Cup_Foil_Lid,45,Medium,Low,Yes
F00900,Fish,Seafood,75.01,5.13,20.0,6.33,Very_Low,5,1.8,77,Chilled,Long_Distance,PA_PE_Vacuum,99,Low,Very_Low,Yes
F00901,Potato Chips,Snacks,1.94,26.76,5.87,6.09,Very_Low,185,24.6,58,Ambient,Long_Distance,Metallized_PET_PE,88,Low,Very_Low,Yes
F00902,Milk Powder,Dairy,3.78,26.66,25.63,6.48,Very_Low,403,25.8,59,Ambient,Normal,Aluminum_Laminate,95,Very_Low,Very_Low,No
F00903,Tomato,Fresh Produce,94.52,0.37,0.97,4.4,High,16,5.5,75,Chilled,Long_Distance,Micro_Perforated_PE,44,High,High,Yes
F00904,Apple,Fresh Produce,88.86,0.08,0.36,3.52,High,61,5.5,94,Chilled,Refrigerated,Micro_Perforated_PE,37,High,High,Yes
F00905,Biscuits,Bakery,3.78,17.53,7.07,6.84,Very_Low,178,25.2,70,Ambient,Long_Distance,BOPP_PE,63,Low,Low,No
F00906,Fresh Chicken,Meat,71.69,7.58,22.61,5.89,Very_Low,6,3.5,95,Chilled,Long_Distance,PA_PE_Vacuum,105,Low,Very_Low,Yes
F00907,Frozen Peas,Frozen Vegetable,75.95,0.53,5.66,6.1,Low,366,-17.3,83,Frozen,Normal,PE_Film,71,Medium,Low,Yes
F00908,Coffee Powder,Beverage,3.03,14.94,13.79,5.01,Very_Low,399,24.9,53,Ambient,Normal,Metallized_PET_PE,78,Very_Low,Very_Low,No
F00909,Peanuts,Nuts,5.81,49.88,25.29,6.4,Very_Low,193,25.1,65,Ambient,Long_Distance,Metallized_PET_PE,87,Very_Low,Very_Low,No
F00910,Cheese,Dairy,36.82,33.06,24.82,5.14,Very_Low,61,4.2,85,Chilled,Long_Distance,PA_PE_Vacuum,88,Low,Very_Low,Yes
F00911,Bread,Bakery,39.24,3.83,9.22,5.64,Very_Low,7,24.3,59,Ambient,Long_Distance,LDPE_Bag,57,Medium,Medium,No
F00912,Mango,Fresh Produce,80.51,0.28,0.87,4.18,High,21,9.8,78,Chilled,Refrigerated,Breathable_PE,38,High,High,Yes
F00913,Carrot,Fresh Produce,87.05,0.34,0.95,6.11,High,31,5.3,86,Chilled,Normal,Micro_Perforated_PE,36,High,High,Yes
F00914,Onion,Vegetable,93.94,0.11,1.21,5.53,Low,115,20.0,44,Ambient,Long_Distance,Breathable_PP,53,High,Medium,Yes
F00915,Rice,Grain,11.5,0.57,7.4,6.58,Very_Low,340,25.6,54,Ambient,Normal,HDPE,83,Low,Low,No
F00916,Wheat Flour,Grain,11.75,1.43,12.69,6.12,Very_Low,179,24.7,63,Ambient,Normal,HDPE,89,Low,Low,No
F00917,Ground Coffee,Beverage,3.07,15.57,13.64,5.17,Very_Low,350,24.7,48,Ambient,Long_Distance,High_Barrier_Laminate,91,Very_Low,Very_Low,No
F00918,Butter,Dairy,16.39,83.26,1.03,6.14,Very_Low,126,4.3,76,Chilled,Normal,Aluminum_Foil_Laminate,88,Very_Low,Very_Low,No
F00919,Yogurt,Dairy,86.56,3.06,4.14,4.62,Very_Low,30,4.0,87,Chilled,Long_Distance,PP_Cup_Foil_Lid,47,Medium,Low,Yes
F00920,Fish,Seafood,76.32,4.99,19.83,6.16,Very_Low,5,1.8,90,Chilled,Normal,PA_PE_Vacuum,88,Low,Very_Low,Yes
F00921,Potato Chips,Snacks,2.19,32.08,5.98,6.1,Very_Low,178,24.8,59,Ambient,Normal,Metallized_PET_PE,75,Low,Very_Low,Yes
F00922,Milk Powder,Dairy,3.69,26.47,25.17,6.57,Very_Low,364,25.4,65,Ambient,Normal,Aluminum_Laminate,101,Very_Low,Very_Low,No
F00923,Tomato,Fresh Produce,91.64,0.14,0.85,4.18,High,15,5.4,75,Chilled,Normal,Micro_Perforated_PE,44,High,High,Yes
F00924,Apple,Fresh Produce,87.44,0.27,0.43,3.41,High,56,5.2,76,Chilled,Long_Distance,Micro_Perforated_PE,34,High,High,Yes
F00925,Biscuits,Bakery,3.97,17.63,6.99,6.84,Very_Low,167,25.7,47,Ambient,Normal,BOPP_PE,64,Low,Low,No
F00926,Fresh Chicken,Meat,72.22,8.12,22.92,5.62,Very_Low,4,4.6,86,Chilled,Normal,PA_PE_Vacuum,86,Low,Very_Low,Yes
F00927,Frozen Peas,Frozen Vegetable,81.63,0.39,5.18,6.14,Low,338,-19.1,88,Frozen,Normal,PE_Film,64,Medium,Low,Yes
F00928,Coffee Powder,Beverage,2.94,15.2,13.93,5.07,Very_Low,379,25.8,55,Ambient,Normal,Metallized_PET_PE,80,Very_Low,Very_Low,No
F00929,Peanuts,Nuts,5.89,48.65,24.44,6.43,Very_Low,183,25.4,62,Ambient,Long_Distance,Metallized_PET_PE,84,Very_Low,Very_Low,No
F00930,Cheese,Dairy,36.39,32.0,25.37,5.24,Very_Low,61,4.0,80,Chilled,Long_Distance,PA_PE_Vacuum,101,Low,Very_Low,Yes
F00931,Bread,Bakery,37.83,4.16,8.95,5.6,Very_Low,5,26.2,71,Ambient,Long_Distance,LDPE_Bag,49,Medium,Medium,No
F00932,Mango,Fresh Produce,84.16,0.49,0.74,4.04,High,23,10.4,72,Chilled,Normal,Breathable_PE,39,High,High,Yes
F00933,Carrot,Fresh Produce,88.97,0.23,0.82,5.96,High,33,5.2,72,Chilled,Long_Distance,Micro_Perforated_PE,43,High,High,Yes
F00934,Onion,Vegetable,92.01,0.31,1.1,5.76,Low,121,19.8,54,Ambient,Normal,Breathable_PP,58,High,Medium,Yes
F00935,Rice,Grain,12.09,0.62,6.77,6.34,Very_Low,373,25.0,59,Ambient,Normal,HDPE,82,Low,Low,No
F00936,Wheat Flour,Grain,11.72,1.58,13.07,6.11,Very_Low,191,24.5,54,Ambient,Normal,HDPE,76,Low,Low,No
F00937,Ground Coffee,Beverage,3.33,15.65,14.99,4.81,Very_Low,340,25.3,69,Ambient,Normal,High_Barrier_Laminate,94,Very_Low,Very_Low,No
F00938,Butter,Dairy,16.09,80.14,1.03,6.27,Very_Low,127,4.0,95,Chilled,Refrigerated,Aluminum_Foil_Laminate,95,Very_Low,Very_Low,No
F00939,Yogurt,Dairy,86.6,2.99,3.88,4.38,Very_Low,34,3.9,89,Chilled,Refrigerated,PP_Cup_Foil_Lid,55,Medium,Low,Yes
F00940,Fish,Seafood,74.09,5.01,20.48,6.19,Very_Low,7,1.3,90,Chilled,Refrigerated,PA_PE_Vacuum,93,Low,Very_Low,Yes
F00941,Potato Chips,Snacks,2.04,30.13,5.76,6.19,Very_Low,173,23.3,84,Ambient,Long_Distance,Metallized_PET_PE,76,Low,Very_Low,Yes
F00942,Milk Powder,Dairy,3.78,25.42,27.65,6.72,Very_Low,321,24.7,45,Ambient,Long_Distance,Aluminum_Laminate,95,Very_Low,Very_Low,No
F00943,Tomato,Fresh Produce,94.74,0.31,0.64,4.2,High,14,5.6,82,Chilled,Long_Distance,Micro_Perforated_PE,50,High,High,Yes
F00944,Apple,Fresh Produce,87.97,0.32,0.07,3.43,High,64,4.3,94,Chilled,Refrigerated,Micro_Perforated_PE,40,High,High,Yes
F00945,Biscuits,Bakery,3.61,17.83,7.0,6.95,Very_Low,175,25.1,73,Ambient,Normal,BOPP_PE,59,Low,Low,No
F00946,Fresh Chicken,Meat,70.71,8.15,23.09,5.61,Very_Low,4,3.6,77,Chilled,Normal,PA_PE_Vacuum,88,Low,Very_Low,Yes
F00947,Frozen Peas,Frozen Vegetable,80.71,0.53,5.37,6.41,Low,387,-18.0,90,Frozen,Long_Distance,PE_Film,72,Medium,Low,Yes
F00948,Coffee Powder,Beverage,3.03,15.07,13.37,5.12,Very_Low,349,25.0,69,Ambient,Long_Distance,Metallized_PET_PE,85,Very_Low,Very_Low,No
F00949,Peanuts,Nuts,5.86,52.31,25.75,6.69,Very_Low,164,24.4,70,Ambient,Normal,Metallized_PET_PE,71,Very_Low,Very_Low,No
F00950,Cheese,Dairy,38.31,32.88,26.08,5.25,Very_Low,63,3.8,87,Chilled,Normal,PA_PE_Vacuum,81,Low,Very_Low,Yes
F00951,Bread,Bakery,35.99,4.01,9.02,5.71,Very_Low,7,24.7,58,Ambient,Long_Distance,LDPE_Bag,52,Medium,Medium,No
F00952,Mango,Fresh Produce,83.78,0.35,0.8,4.32,High,22,10.6,88,Chilled,Long_Distance,Breathable_PE,41,High,High,Yes
F00953,Carrot,Fresh Produce,90.47,0.15,1.03,6.06,High,30,5.9,85,Chilled,Normal,Micro_Perforated_PE,37,High,High,Yes
F00954,Onion,Vegetable,88.0,0.21,0.91,5.32,Low,124,19.9,58,Ambient,Normal,Breathable_PP,45,High,Medium,Yes
F00955,Rice,Grain,12.04,0.73,7.04,6.44,Very_Low,369,25.5,68,Ambient,Normal,HDPE,78,Low,Low,No
F00956,Wheat Flour,Grain,11.9,1.59,13.34,5.99,Very_Low,178,25.1,57,Ambient,Long_Distance,HDPE,83,Low,Low,No
F00957,Ground Coffee,Beverage,3.16,14.89,13.81,4.85,Very_Low,363,25.3,53,Ambient,Normal,High_Barrier_Laminate,91,Very_Low,Very_Low,No
F00958,Butter,Dairy,16.09,77.73,0.95,6.02,Very_Low,120,3.2,88,Chilled,Long_Distance,Aluminum_Foil_Laminate,93,Very_Low,Very_Low,No
F00959,Yogurt,Dairy,84.05,2.88,3.91,4.51,Very_Low,32,3.7,84,Chilled,Normal,PP_Cup_Foil_Lid,52,Medium,Low,Yes
F00960,Fish,Seafood,74.05,4.58,20.02,6.29,Very_Low,8,1.8,79,Chilled,Normal,PA_PE_Vacuum,92,Low,Very_Low,Yes
F00961,Potato Chips,Snacks,1.77,29.9,5.9,6.35,Very_Low,182,24.6,56,Ambient,Long_Distance,Metallized_PET_PE,86,Low,Very_Low,Yes
F00962,Milk Powder,Dairy,3.92,26.17,26.04,6.66,Very_Low,360,24.9,74,Ambient,Long_Distance,Aluminum_Laminate,106,Very_Low,Very_Low,No
F00963,Tomato,Fresh Produce,98.23,0.21,0.97,4.38,High,13,5.4,82,Chilled,Normal,Micro_Perforated_PE,39,High,High,Yes
F00964,Apple,Fresh Produce,87.39,0.02,0.3,3.3,High,60,5.7,77,Chilled,Normal,Micro_Perforated_PE,32,High,High,Yes
F00965,Biscuits,Bakery,4.03,18.2,7.35,6.86,Very_Low,191,24.8,55,Ambient,Long_Distance,BOPP_PE,60,Low,Low,No
F00966,Fresh Chicken,Meat,72.72,7.89,22.53,5.89,Very_Low,5,3.9,89,Chilled,Long_Distance,PA_PE_Vacuum,94,Low,Very_Low,Yes
F00967,Frozen Peas,Frozen Vegetable,79.83,0.3,5.12,6.23,Low,396,-18.1,79,Frozen,Normal,PE_Film,65,Medium,Low,Yes
F00968,Coffee Powder,Beverage,3.28,14.78,13.82,5.26,Very_Low,361,25.4,60,Ambient,Normal,Metallized_PET_PE,71,Very_Low,Very_Low,No
F00969,Peanuts,Nuts,6.08,48.56,25.14,6.58,Very_Low,171,24.8,52,Ambient,Normal,Metallized_PET_PE,76,Very_Low,Very_Low,No
F00970,Cheese,Dairy,36.75,34.99,23.77,5.17,Very_Low,60,4.0,90,Chilled,Long_Distance,PA_PE_Vacuum,107,Low,Very_Low,Yes
F00971,Bread,Bakery,39.82,4.02,9.54,5.37,Very_Low,7,25.4,58,Ambient,Long_Distance,LDPE_Bag,43,Medium,Medium,No
F00972,Mango,Fresh Produce,83.6,0.39,0.58,3.98,High,22,9.5,78,Chilled,Long_Distance,Breathable_PE,44,High,High,Yes
F00973,Carrot,Fresh Produce,86.11,0.22,0.94,6.05,High,28,5.1,95,Chilled,Refrigerated,Micro_Perforated_PE,44,High,High,Yes
F00974,Onion,Vegetable,89.24,0.0,0.94,5.59,Low,126,19.7,47,Ambient,Normal,Breathable_PP,39,High,Medium,Yes
F00975,Rice,Grain,11.82,0.72,7.16,6.43,Very_Low,374,24.6,54,Ambient,Normal,HDPE,86,Low,Low,No
F00976,Wheat Flour,Grain,12.24,1.72,13.34,6.22,Very_Low,198,25.2,58,Ambient,Long_Distance,HDPE,85,Low,Low,No
F00977,Ground Coffee,Beverage,3.06,15.09,14.74,4.95,Very_Low,385,25.1,47,Ambient,Long_Distance,High_Barrier_Laminate,86,Very_Low,Very_Low,No
F00978,Butter,Dairy,15.26,79.1,1.01,6.1,Very_Low,114,4.0,95,Chilled,Normal,Aluminum_Foil_Laminate,93,Very_Low,Very_Low,No
F00979,Yogurt,Dairy,86.59,3.08,3.9,4.34,Very_Low,27,3.3,95,Chilled,Refrigerated,PP_Cup_Foil_Lid,58,Medium,Low,Yes
F00980,Fish,Seafood,74.65,4.9,18.88,6.29,Very_Low,5,2.4,85,Chilled,Refrigerated,PA_PE_Vacuum,91,Low,Very_Low,Yes
F00981,Potato Chips,Snacks,2.22,29.9,6.32,6.35,Very_Low,176,25.4,65,Ambient,Long_Distance,Metallized_PET_PE,79,Low,Very_Low,Yes
F00982,Milk Powder,Dairy,4.61,25.48,25.65,6.69,Very_Low,357,24.4,57,Ambient,Long_Distance,Aluminum_Laminate,110,Very_Low,Very_Low,No
F00983,Tomato,Fresh Produce,94.11,0.23,0.96,4.45,High,12,4.7,88,Chilled,Long_Distance,Micro_Perforated_PE,44,High,High,Yes
F00984,Apple,Fresh Produce,84.31,0.22,0.16,3.49,High,62,4.4,83,Chilled,Long_Distance,Micro_Perforated_PE,44,High,High,Yes
F00985,Biscuits,Bakery,4.15,17.95,7.16,7.04,Very_Low,182,24.9,70,Ambient,Normal,BOPP_PE,62,Low,Low,No
F00986,Fresh Chicken,Meat,71.67,7.95,22.06,5.69,Very_Low,6,4.1,85,Chilled,Long_Distance,PA_PE_Vacuum,92,Low,Very_Low,Yes
F00987,Frozen Peas,Frozen Vegetable,76.12,0.41,5.83,6.34,Low,350,-17.3,73,Frozen,Long_Distance,PE_Film,63,Medium,Low,Yes
F00988,Coffee Powder,Beverage,3.13,15.09,14.4,5.09,Very_Low,360,24.4,46,Ambient,Long_Distance,Metallized_PET_PE,79,Very_Low,Very_Low,No
F00989,Peanuts,Nuts,6.07,50.71,25.47,6.48,Very_Low,192,23.8,76,Ambient,Long_Distance,Metallized_PET_PE,71,Very_Low,Very_Low,No
F00990,Cheese,Dairy,37.92,33.92,26.39,5.21,Very_Low,66,3.5,83,Chilled,Long_Distance,PA_PE_Vacuum,89,Low,Very_Low,Yes
F00991,Bread,Bakery,37.39,3.93,9.12,5.54,Very_Low,6,25.2,58,Ambient,Normal,LDPE_Bag,41,Medium,Medium,No
F00992,Mango,Fresh Produce,82.03,0.36,0.67,3.93,High,21,10.4,82,Chilled,Refrigerated,Breathable_PE,38,High,High,Yes
F00993,Carrot,Fresh Produce,87.61,0.19,1.01,5.95,High,32,4.5,87,Chilled,Refrigerated,Micro_Perforated_PE,37,High,High,Yes
F00994,Onion,Vegetable,89.6,0.09,1.18,5.37,Low,120,19.2,62,Ambient,Long_Distance,Breathable_PP,53,High,Medium,Yes
F00995,Rice,Grain,12.16,0.63,7.08,6.5,Very_Low,357,25.0,51,Ambient,Long_Distance,HDPE,82,Low,Low,No
F00996,Wheat Flour,Grain,11.64,1.44,12.97,6.28,Very_Low,174,24.7,63,Ambient,Long_Distance,HDPE,77,Low,Low,No
F00997,Ground Coffee,Beverage,2.93,15.06,13.84,5.05,Very_Low,334,25.1,52,Ambient,Long_Distance,High_Barrier_Laminate,96,Very_Low,Very_Low,No
F00998,Butter,Dairy,15.61,82.03,0.89,6.26,Very_Low,115,4.6,84,Chilled,Normal,Aluminum_Foil_Laminate,90,Very_Low,Very_Low,No
F00999,Yogurt,Dairy,85.16,2.91,3.9,4.44,Very_Low,30,4.0,82,Chilled,Refrigerated,PP_Cup_Foil_Lid,53,Medium,Low,Yes
F01000,Fish,Seafood,76.97,4.87,19.64,6.27,Very_Low,5,2.3,86,Chilled,Normal,PA_PE_Vacuum,92,Low,Very_Low,Yes
F01001,Potato Chips,Snacks,2.34,31.3,6.06,6.17,Very_Low,180,25.6,44,Ambient,Long_Distance,Metallized_PET_PE,75,Low,Very_Low,Yes
F01002,Milk Powder,Dairy,3.95,25.86,25.22,6.39,Very_Low,387,24.6,57,Ambient,Long_Distance,Aluminum_Laminate,96,Very_Low,Very_Low,No
F01003,Tomato,Fresh Produce,96.57,0.2,1.07,4.42,High,14,4.1,79,Chilled,Normal,Micro_Perforated_PE,45,High,High,Yes
F01004,Apple,Fresh Produce,87.37,0.37,0.33,3.58,High,59,4.3,79,Chilled,Long_Distance,Micro_Perforated_PE,40,High,High,Yes
F01005,Biscuits,Bakery,4.16,18.57,6.55,7.01,Very_Low,193,25.1,60,Ambient,Long_Distance,BOPP_PE,57,Low,Low,No
F01006,Fresh Chicken,Meat,71.37,8.52,22.94,5.94,Very_Low,5,4.4,92,Chilled,Long_Distance,PA_PE_Vacuum,91,Low,Very_Low,Yes
F01007,Frozen Peas,Frozen Vegetable,81.29,0.4,5.38,6.09,Low,354,-18.3,85,Frozen,Normal,PE_Film,78,Medium,Low,Yes
F01008,Coffee Powder,Beverage,3.16,15.06,13.68,4.96,Very_Low,349,25.0,61,Ambient,Long_Distance,Metallized_PET_PE,88,Very_Low,Very_Low,No
F01009,Peanuts,Nuts,6.53,48.68,25.65,6.61,Very_Low,186,24.7,63,Ambient,Normal,Metallized_PET_PE,80,Very_Low,Very_Low,No
F01010,Cheese,Dairy,36.35,32.79,26.09,5.0,Very_Low,66,4.1,84,Chilled,Long_Distance,PA_PE_Vacuum,89,Low,Very_Low,Yes
F01011,Bread,Bakery,37.13,4.1,9.15,5.39,Very_Low,7,25.6,44,Ambient,Long_Distance,LDPE_Bag,52,Medium,Medium,No
F01012,Mango,Fresh Produce,83.14,0.37,0.82,3.76,High,22,10.2,93,Chilled,Normal,Breathable_PE,48,High,High,Yes
F01013,Carrot,Fresh Produce,88.96,0.1,0.87,5.85,High,29,5.5,90,Chilled,Long_Distance,Micro_Perforated_PE,33,High,High,Yes
F01014,Onion,Vegetable,87.83,0.31,1.1,5.47,Low,115,19.9,53,Ambient,Long_Distance,Breathable_PP,46,High,Medium,Yes
F01015,Rice,Grain,11.63,0.65,6.93,6.68,Very_Low,366,24.9,49,Ambient,Long_Distance,HDPE,85,Low,Low,No
F01016,Wheat Flour,Grain,11.86,1.61,12.5,6.0,Very_Low,168,25.1,69,Ambient,Long_Distance,HDPE,78,Low,Low,No
F01017,Ground Coffee,Beverage,3.08,14.11,13.07,4.97,Very_Low,370,24.4,51,Ambient,Normal,High_Barrier_Laminate,93,Very_Low,Very_Low,No
F01018,Butter,Dairy,15.44,76.74,0.97,6.29,Very_Low,114,4.4,87,Chilled,Normal,Aluminum_Foil_Laminate,98,Very_Low,Very_Low,No
F01019,Yogurt,Dairy,90.54,2.91,3.81,4.45,Very_Low,29,4.3,94,Chilled,Refrigerated,PP_Cup_Foil_Lid,52,Medium,Low,Yes
F01020,Fish,Seafood,75.22,5.25,20.12,6.31,Very_Low,5,2.4,72,Chilled,Refrigerated,PA_PE_Vacuum,90,Low,Very_Low,Yes
F01021,Potato Chips,Snacks,2.04,30.42,6.07,6.29,Very_Low,182,23.9,61,Ambient,Normal,Metallized_PET_PE,80,Low,Very_Low,Yes
F01022,Milk Powder,Dairy,4.34,25.92,24.91,6.61,Very_Low,355,25.1,59,Ambient,Normal,Aluminum_Laminate,106,Very_Low,Very_Low,No
F01023,Tomato,Fresh Produce,98.78,0.14,0.76,4.38,High,16,5.3,86,Chilled,Long_Distance,Micro_Perforated_PE,42,High,High,Yes
F01024,Apple,Fresh Produce,81.89,0.16,0.46,3.49,High,62,4.7,87,Chilled,Normal,Micro_Perforated_PE,48,High,High,Yes
F01025,Biscuits,Bakery,4.33,17.09,7.2,7.1,Very_Low,181,24.0,46,Ambient,Long_Distance,BOPP_PE,61,Low,Low,No
F01026,Fresh Chicken,Meat,74.52,7.94,23.02,5.76,Very_Low,4,4.4,87,Chilled,Normal,PA_PE_Vacuum,75,Low,Very_Low,Yes
F01027,Frozen Peas,Frozen Vegetable,77.52,0.55,5.42,6.31,Low,402,-18.7,84,Frozen,Normal,PE_Film,69,Medium,Low,Yes
F01028,Coffee Powder,Beverage,3.17,15.02,13.93,5.0,Very_Low,369,25.0,53,Ambient,Normal,Metallized_PET_PE,71,Very_Low,Very_Low,No
F01029,Peanuts,Nuts,5.45,49.42,25.94,6.67,Very_Low,197,24.1,73,Ambient,Normal,Metallized_PET_PE,81,Very_Low,Very_Low,No
F01030,Cheese,Dairy,38.33,31.72,26.02,5.36,Very_Low,60,4.5,93,Chilled,Refrigerated,PA_PE_Vacuum,89,Low,Very_Low,Yes
F01031,Bread,Bakery,39.12,3.86,8.67,5.53,Very_Low,8,24.9,65,Ambient,Normal,LDPE_Bag,46,Medium,Medium,No
F01032,Mango,Fresh Produce,81.84,0.43,0.86,4.07,High,22,9.6,72,Chilled,Refrigerated,Breathable_PE,38,High,High,Yes
F01033,Carrot,Fresh Produce,89.21,0.13,0.91,5.91,High,27,5.0,73,Chilled,Refrigerated,Micro_Perforated_PE,42,High,High,Yes
F01034,Onion,Vegetable,87.07,0.1,1.15,5.59,Low,121,20.2,60,Ambient,Normal,Breathable_PP,53,High,Medium,Yes
F01035,Rice,Grain,11.71,0.61,6.89,6.38,Very_Low,375,24.4,44,Ambient,Long_Distance,HDPE,86,Low,Low,No
F01036,Wheat Flour,Grain,11.63,1.59,13.48,6.29,Very_Low,176,24.8,52,Ambient,Long_Distance,HDPE,82,Low,Low,No
F01037,Ground Coffee,Beverage,3.48,15.21,13.71,5.12,Very_Low,408,25.1,64,Ambient,Long_Distance,High_Barrier_Laminate,93,Very_Low,Very_Low,No
F01038,Butter,Dairy,15.72,82.75,0.99,6.17,Very_Low,123,3.6,82,Chilled,Refrigerated,Aluminum_Foil_Laminate,91,Very_Low,Very_Low,No
F01039,Yogurt,Dairy,86.4,2.99,3.99,4.33,Very_Low,30,4.2,77,Chilled,Refrigerated,PP_Cup_Foil_Lid,49,Medium,Low,Yes
F01040,Fish,Seafood,74.69,5.12,21.03,6.12,Very_Low,6,1.9,77,Chilled,Refrigerated,PA_PE_Vacuum,91,Low,Very_Low,Yes
F01041,Potato Chips,Snacks,1.86,30.05,5.63,5.94,Very_Low,198,25.3,60,Ambient,Normal,Metallized_PET_PE,78,Low,Very_Low,Yes
F01042,Milk Powder,Dairy,3.92,25.04,26.44,6.52,Very_Low,326,24.8,67,Ambient,Normal,Aluminum_Laminate,98,Very_Low,Very_Low,No
F01043,Tomato,Fresh Produce,95.37,0.29,1.01,4.25,High,14,5.0,86,Chilled,Refrigerated,Micro_Perforated_PE,47,High,High,Yes
F01044,Apple,Fresh Produce,89.61,0.15,0.33,3.58,High,58,4.8,86,Chilled,Refrigerated,Micro_Perforated_PE,36,High,High,Yes
F01045,Biscuits,Bakery,3.87,17.59,7.15,6.82,Very_Low,185,25.3,52,Ambient,Long_Distance,BOPP_PE,56,Low,Low,No
F01046,Fresh Chicken,Meat,72.5,8.2,22.65,5.82,Very_Low,4,4.3,84,Chilled,Normal,PA_PE_Vacuum,95,Low,Very_Low,Yes
F01047,Frozen Peas,Frozen Vegetable,78.95,0.37,5.46,6.1,Low,359,-19.4,86,Frozen,Long_Distance,PE_Film,63,Medium,Low,Yes
F01048,Coffee Powder,Beverage,2.6,15.4,14.11,4.99,Very_Low,365,25.2,65,Ambient,Normal,Metallized_PET_PE,84,Very_Low,Very_Low,No
F01049,Peanuts,Nuts,6.19,48.93,24.26,6.77,Very_Low,184,24.9,71,Ambient,Normal,Metallized_PET_PE,89,Very_Low,Very_Low,No
F01050,Cheese,Dairy,37.85,34.39,25.32,5.13,Very_Low,63,3.4,83,Chilled,Long_Distance,PA_PE_Vacuum,93,Low,Very_Low,Yes
F01051,Bread,Bakery,36.85,3.98,9.41,5.57,Very_Low,9,25.0,59,Ambient,Normal,LDPE_Bag,57,Medium,Medium,No
F01052,Mango,Fresh Produce,84.54,0.38,0.87,3.81,High,21,10.1,89,Chilled,Refrigerated,Breathable_PE,47,High,High,Yes
F01053,Carrot,Fresh Produce,89.33,0.13,0.74,6.05,High,29,4.8,79,Chilled,Normal,Micro_Perforated_PE,41,High,High,Yes
F01054,Onion,Vegetable,90.8,0.09,1.26,5.46,Low,111,19.9,57,Ambient,Normal,Breathable_PP,43,High,Medium,Yes
F01055,Rice,Grain,11.95,0.7,6.82,6.66,Very_Low,381,24.2,62,Ambient,Long_Distance,HDPE,80,Low,Low,No
F01056,Wheat Flour,Grain,12.35,1.66,12.73,6.2,Very_Low,187,25.5,63,Ambient,Normal,HDPE,70,Low,Low,No
F01057,Ground Coffee,Beverage,2.98,15.19,14.16,5.12,Very_Low,383,25.0,56,Ambient,Long_Distance,High_Barrier_Laminate,94,Very_Low,Very_Low,No
F01058,Butter,Dairy,15.71,80.65,0.98,6.1,Very_Low,123,3.9,95,Chilled,Normal,Aluminum_Foil_Laminate,87,Very_Low,Very_Low,No
F01059,Yogurt,Dairy,88.93,2.92,3.96,4.2,Very_Low,29,4.1,95,Chilled,Refrigerated,PP_Cup_Foil_Lid,58,Medium,Low,Yes
F01060,Fish,Seafood,74.98,4.96,20.29,6.06,Very_Low,5,2.2,85,Chilled,Refrigerated,PA_PE_Vacuum,97,Low,Very_Low,Yes
F01061,Potato Chips,Snacks,1.45,29.27,5.94,6.12,Very_Low,181,25.2,74,Ambient,Normal,Metallized_PET_PE,82,Low,Very_Low,Yes
F01062,Milk Powder,Dairy,3.92,25.96,25.83,6.63,Very_Low,360,25.0,61,Ambient,Long_Distance,Aluminum_Laminate,100,Very_Low,Very_Low,No
F01063,Tomato,Fresh Produce,91.98,0.14,1.15,4.15,High,14,4.4,77,Chilled,Long_Distance,Micro_Perforated_PE,32,High,High,Yes
F01064,Apple,Fresh Produce,86.43,0.25,0.38,3.34,High,59,5.5,82,Chilled,Normal,Micro_Perforated_PE,41,High,High,Yes
F01065,Biscuits,Bakery,4.53,17.69,7.09,6.86,Very_Low,172,25.6,62,Ambient,Long_Distance,BOPP_PE,66,Low,Low,No
F01066,Fresh Chicken,Meat,71.55,7.97,23.68,5.81,Very_Low,4,4.4,90,Chilled,Long_Distance,PA_PE_Vacuum,91,Low,Very_Low,Yes
F01067,Frozen Peas,Frozen Vegetable,78.72,0.43,5.62,6.15,Low,402,-16.0,83,Frozen,Long_Distance,PE_Film,67,Medium,Low,Yes
F01068,Coffee Powder,Beverage,3.56,14.82,14.44,5.0,Very_Low,350,24.9,59,Ambient,Normal,Metallized_PET_PE,83,Very_Low,Very_Low,No
F01069,Peanuts,Nuts,5.91,48.84,25.8,6.54,Very_Low,193,24.7,48,Ambient,Long_Distance,Metallized_PET_PE,87,Very_Low,Very_Low,No
F01070,Cheese,Dairy,38.48,32.27,26.06,5.2,Very_Low,57,4.7,75,Chilled,Refrigerated,PA_PE_Vacuum,86,Low,Very_Low,Yes
F01071,Bread,Bakery,37.41,4.14,8.83,5.35,Very_Low,8,26.0,53,Ambient,Normal,LDPE_Bag,56,Medium,Medium,No
F01072,Mango,Fresh Produce,84.39,0.38,0.52,3.87,High,21,8.6,85,Chilled,Normal,Breathable_PE,43,High,High,Yes
F01073,Carrot,Fresh Produce,91.78,0.25,0.89,6.15,High,30,5.8,79,Chilled,Refrigerated,Micro_Perforated_PE,34,High,High,Yes
F01074,Onion,Vegetable,86.25,0.0,1.2,5.29,Low,121,20.0,60,Ambient,Normal,Breathable_PP,57,High,Medium,Yes
F01075,Rice,Grain,11.93,0.65,6.89,6.55,Very_Low,377,25.1,67,Ambient,Long_Distance,HDPE,83,Low,Low,No
F01076,Wheat Flour,Grain,11.87,1.5,13.51,6.01,Very_Low,165,25.0,66,Ambient,Normal,HDPE,78,Low,Low,No
F01077,Ground Coffee,Beverage,2.91,15.9,13.88,5.08,Very_Low,378,24.8,60,Ambient,Normal,High_Barrier_Laminate,97,Very_Low,Very_Low,No
F01078,Butter,Dairy,15.58,83.11,0.96,6.18,Very_Low,124,4.2,89,Chilled,Refrigerated,Aluminum_Foil_Laminate,91,Very_Low,Very_Low,No
F01079,Yogurt,Dairy,86.79,2.96,3.97,4.44,Very_Low,30,4.0,71,Chilled,Refrigerated,PP_Cup_Foil_Lid,52,Medium,Low,Yes
F01080,Fish,Seafood,77.57,5.29,18.95,6.16,Very_Low,3,1.2,71,Chilled,Refrigerated,PA_PE_Vacuum,93,Low,Very_Low,Yes
F01081,Potato Chips,Snacks,2.13,29.29,6.19,6.29,Very_Low,180,25.7,59,Ambient,Long_Distance,Metallized_PET_PE,79,Low,Very_Low,Yes
F01082,Milk Powder,Dairy,3.93,25.96,25.61,6.73,Very_Low,351,25.1,64,Ambient,Long_Distance,Aluminum_Laminate,101,Very_Low,Very_Low,No
F01083,Tomato,Fresh Produce,98.18,0.18,0.97,4.03,High,15,4.5,73,Chilled,Long_Distance,Micro_Perforated_PE,31,High,High,Yes
F01084,Apple,Fresh Produce,88.02,0.05,0.15,3.52,High,59,4.7,70,Chilled,Normal,Micro_Perforated_PE,40,High,High,Yes
F01085,Biscuits,Bakery,3.95,18.08,6.92,7.03,Very_Low,195,24.8,55,Ambient,Long_Distance,BOPP_PE,56,Low,Low,No
F01086,Fresh Chicken,Meat,71.75,8.06,22.7,5.56,Very_Low,4,4.0,77,Chilled,Long_Distance,PA_PE_Vacuum,88,Low,Very_Low,Yes
F01087,Frozen Peas,Frozen Vegetable,81.7,0.23,5.38,6.18,Low,409,-16.6,73,Frozen,Normal,PE_Film,66,Medium,Low,Yes
F01088,Coffee Powder,Beverage,3.07,14.79,13.65,4.87,Very_Low,416,24.9,44,Ambient,Normal,Metallized_PET_PE,87,Very_Low,Very_Low,No
F01089,Peanuts,Nuts,6.07,50.87,24.54,6.45,Very_Low,157,25.0,64,Ambient,Normal,Metallized_PET_PE,81,Very_Low,Very_Low,No
F01090,Cheese,Dairy,37.8,34.45,26.01,5.31,Very_Low,57,3.4,70,Chilled,Refrigerated,PA_PE_Vacuum,87,Low,Very_Low,Yes
F01091,Bread,Bakery,39.46,3.95,9.18,5.52,Very_Low,7,25.4,53,Ambient,Normal,LDPE_Bag,50,Medium,Medium,No
F01092,Mango,Fresh Produce,80.71,0.44,1.0,3.88,High,20,9.6,86,Chilled,Long_Distance,Breathable_PE,35,High,High,Yes
F01093,Carrot,Fresh Produce,85.13,0.15,1.0,6.12,High,30,4.8,91,Chilled,Long_Distance,Micro_Perforated_PE,46,High,High,Yes
F01094,Onion,Vegetable,91.44,0.15,1.09,5.34,Low,118,20.2,51,Ambient,Long_Distance,Breathable_PP,50,High,Medium,Yes
F01095,Rice,Grain,11.79,0.8,7.19,6.35,Very_Low,368,25.5,50,Ambient,Long_Distance,HDPE,80,Low,Low,No
F01096,Wheat Flour,Grain,11.87,1.46,13.04,5.91,Very_Low,167,25.2,53,Ambient,Long_Distance,HDPE,85,Low,Low,No
F01097,Ground Coffee,Beverage,3.57,14.31,13.87,5.03,Very_Low,350,24.6,58,Ambient,Long_Distance,High_Barrier_Laminate,91,Very_Low,Very_Low,No
F01098,Butter,Dairy,16.25,82.65,1.01,6.3,Very_Low,121,3.6,83,Chilled,Normal,Aluminum_Foil_Laminate,91,Very_Low,Very_Low,No
F01099,Yogurt,Dairy,87.51,2.92,3.77,4.2,Very_Low,27,4.2,82,Chilled,Long_Distance,PP_Cup_Foil_Lid,50,Medium,Low,Yes
F01100,Fish,Seafood,76.14,4.95,20.19,6.26,Very_Low,4,2.1,67,Chilled,Long_Distance,PA_PE_Vacuum,92,Low,Very_Low,Yes
F01101,Potato Chips,Snacks,2.24,28.73,6.1,6.3,Very_Low,203,24.7,60,Ambient,Long_Distance,Metallized_PET_PE,80,Low,Very_Low,Yes
F01102,Milk Powder,Dairy,4.01,25.87,24.71,6.48,Very_Low,385,25.2,75,Ambient,Normal,Aluminum_Laminate,95,Very_Low,Very_Low,No
F01103,Tomato,Fresh Produce,95.86,0.13,0.9,4.28,High,16,4.6,71,Chilled,Refrigerated,Micro_Perforated_PE,46,High,High,Yes
F01104,Apple,Fresh Produce,86.0,0.09,0.17,3.38,High,58,5.2,78,Chilled,Refrigerated,Micro_Perforated_PE,49,High,High,Yes
F01105,Biscuits,Bakery,3.73,18.41,6.96,6.89,Very_Low,184,25.4,62,Ambient,Long_Distance,BOPP_PE,64,Low,Low,No
F01106,Fresh Chicken,Meat,72.61,8.09,22.79,5.78,Very_Low,5,3.8,91,Chilled,Normal,PA_PE_Vacuum,85,Low,Very_Low,Yes
F01107,Frozen Peas,Frozen Vegetable,80.12,0.5,5.07,6.08,Low,367,-16.4,90,Frozen,Long_Distance,PE_Film,72,Medium,Low,Yes
F01108,Coffee Powder,Beverage,3.17,14.82,13.49,4.89,Very_Low,397,25.2,60,Ambient,Long_Distance,Metallized_PET_PE,79,Very_Low,Very_Low,No
F01109,Peanuts,Nuts,5.86,50.35,25.19,6.44,Very_Low,176,24.9,59,Ambient,Normal,Metallized_PET_PE,80,Very_Low,Very_Low,No
F01110,Cheese,Dairy,37.2,31.64,25.78,5.18,Very_Low,59,3.8,82,Chilled,Long_Distance,PA_PE_Vacuum,91,Low,Very_Low,Yes
F01111,Bread,Bakery,37.7,4.11,8.94,5.64,Very_Low,7,25.0,67,Ambient,Long_Distance,LDPE_Bag,53,Medium,Medium,No
F01112,Mango,Fresh Produce,81.96,0.41,0.94,3.79,High,20,9.7,81,Chilled,Long_Distance,Breathable_PE,44,High,High,Yes
F01113,Carrot,Fresh Produce,88.16,0.12,0.93,6.08,High,29,5.1,85,Chilled,Refrigerated,Micro_Perforated_PE,45,High,High,Yes
F01114,Onion,Vegetable,90.68,0.07,1.06,5.56,Low,116,20.1,57,Ambient,Long_Distance,Breathable_PP,52,High,Medium,Yes
F01115,Rice,Grain,12.36,0.6,7.21,6.57,Very_Low,367,24.1,71,Ambient,Long_Distance,HDPE,75,Low,Low,No
F01116,Wheat Flour,Grain,11.36,1.5,13.11,6.29,Very_Low,181,25.5,64,Ambient,Long_Distance,HDPE,78,Low,Low,No
F01117,Ground Coffee,Beverage,2.82,14.74,13.74,5.25,Very_Low,392,25.4,56,Ambient,Long_Distance,High_Barrier_Laminate,89,Very_Low,Very_Low,No
F01118,Butter,Dairy,16.47,77.76,1.08,6.3,Very_Low,128,4.0,76,Chilled,Long_Distance,Aluminum_Foil_Laminate,89,Very_Low,Very_Low,No
F01119,Yogurt,Dairy,83.96,3.04,3.96,4.37,Very_Low,29,4.8,95,Chilled,Long_Distance,PP_Cup_Foil_Lid,54,Medium,Low,Yes
F01120,Fish,Seafood,70.52,4.85,20.59,6.17,Very_Low,5,1.3,95,Chilled,Refrigerated,PA_PE_Vacuum,96,Low,Very_Low,Yes
F01121,Potato Chips,Snacks,1.66,29.48,5.98,6.11,Very_Low,188,24.6,70,Ambient,Long_Distance,Metallized_PET_PE,83,Low,Very_Low,Yes
F01122,Milk Powder,Dairy,4.11,26.82,25.64,6.55,Very_Low,372,25.3,51,Ambient,Long_Distance,Aluminum_Laminate,109,Very_Low,Very_Low,No
F01123,Tomato,Fresh Produce,99.28,0.13,0.98,4.24,High,14,5.0,86,Chilled,Long_Distance,Micro_Perforated_PE,42,High,High,Yes
F01124,Apple,Fresh Produce,89.03,0.19,0.37,3.59,High,58,4.0,87,Chilled,Long_Distance,Micro_Perforated_PE,40,High,High,Yes
F01125,Biscuits,Bakery,3.94,18.18,7.48,6.91,Very_Low,172,24.5,69,Ambient,Long_Distance,BOPP_PE,56,Low,Low,No
F01126,Fresh Chicken,Meat,72.84,8.29,23.13,5.69,Very_Low,7,3.9,83,Chilled,Normal,PA_PE_Vacuum,83,Low,Very_Low,Yes
F01127,Frozen Peas,Frozen Vegetable,78.26,0.34,5.32,5.87,Low,372,-18.8,72,Frozen,Normal,PE_Film,74,Medium,Low,Yes
F01128,Coffee Powder,Beverage,3.45,15.05,14.12,5.14,Very_Low,376,24.9,65,Ambient,Long_Distance,Metallized_PET_PE,77,Very_Low,Very_Low,No
F01129,Peanuts,Nuts,6.3,49.47,25.25,6.69,Very_Low,168,24.3,58,Ambient,Normal,Metallized_PET_PE,80,Very_Low,Very_Low,No
F01130,Cheese,Dairy,38.28,33.06,25.88,5.22,Very_Low,67,4.2,95,Chilled,Normal,PA_PE_Vacuum,89,Low,Very_Low,Yes
F01131,Bread,Bakery,38.81,4.18,8.24,5.55,Very_Low,6,25.2,61,Ambient,Long_Distance,LDPE_Bag,53,Medium,Medium,No
F01132,Mango,Fresh Produce,83.85,0.52,0.67,4.0,High,22,10.5,90,Chilled,Refrigerated,Breathable_PE,33,High,High,Yes
F01133,Carrot,Fresh Produce,87.01,0.0,0.83,6.04,High,29,4.9,95,Chilled,Refrigerated,Micro_Perforated_PE,40,High,High,Yes
F01134,Onion,Vegetable,84.25,0.0,1.17,5.45,Low,113,19.7,55,Ambient,Normal,Breathable_PP,45,High,Medium,Yes
F01135,Rice,Grain,12.15,0.7,7.07,6.53,Very_Low,386,25.3,61,Ambient,Long_Distance,HDPE,88,Low,Low,No
F01136,Wheat Flour,Grain,11.67,1.62,13.22,6.11,Very_Low,168,25.3,72,Ambient,Normal,HDPE,78,Low,Low,No
F01137,Ground Coffee,Beverage,2.88,14.95,14.54,4.81,Very_Low,347,25.6,71,Ambient,Long_Distance,High_Barrier_Laminate,87,Very_Low,Very_Low,No
F01138,Butter,Dairy,16.22,81.36,0.88,6.27,Very_Low,125,4.7,95,Chilled,Long_Distance,Aluminum_Foil_Laminate,92,Very_Low,Very_Low,No
F01139,Yogurt,Dairy,82.9,2.85,4.0,4.44,Very_Low,31,3.8,95,Chilled,Refrigerated,PP_Cup_Foil_Lid,49,Medium,Low,Yes
F01140,Fish,Seafood,72.89,4.83,19.84,5.98,Very_Low,4,1.1,85,Chilled,Long_Distance,PA_PE_Vacuum,91,Low,Very_Low,Yes
F01141,Potato Chips,Snacks,2.34,28.97,5.93,6.03,Very_Low,179,25.2,49,Ambient,Long_Distance,Metallized_PET_PE,82,Low,Very_Low,Yes
F01142,Milk Powder,Dairy,4.17,24.74,26.79,6.76,Very_Low,375,24.5,57,Ambient,Long_Distance,Aluminum_Laminate,106,Very_Low,Very_Low,No
F01143,Tomato,Fresh Produce,93.9,0.24,0.77,4.44,High,15,4.4,95,Chilled,Refrigerated,Micro_Perforated_PE,39,High,High,Yes
F01144,Apple,Fresh Produce,87.2,0.09,0.26,3.57,High,61,4.0,89,Chilled,Long_Distance,Micro_Perforated_PE,37,High,High,Yes
F01145,Biscuits,Bakery,3.96,17.38,6.86,7.14,Very_Low,176,25.1,51,Ambient,Long_Distance,BOPP_PE,62,Low,Low,No
F01146,Fresh Chicken,Meat,71.41,8.31,22.16,5.83,Very_Low,5,4.4,82,Chilled,Refrigerated,PA_PE_Vacuum,91,Low,Very_Low,Yes
F01147,Frozen Peas,Frozen Vegetable,73.04,0.33,5.51,6.11,Low,375,-18.1,91,Frozen,Normal,PE_Film,64,Medium,Low,Yes
F01148,Coffee Powder,Beverage,3.11,14.75,13.87,4.89,Very_Low,393,25.3,75,Ambient,Normal,Metallized_PET_PE,91,Very_Low,Very_Low,No
F01149,Peanuts,Nuts,5.53,48.12,25.62,6.54,Very_Low,182,24.5,55,Ambient,Normal,Metallized_PET_PE,86,Very_Low,Very_Low,No
F01150,Cheese,Dairy,37.34,33.17,24.09,5.3,Very_Low,55,5.0,91,Chilled,Long_Distance,PA_PE_Vacuum,104,Low,Very_Low,Yes
F01151,Bread,Bakery,36.49,4.05,8.99,5.57,Very_Low,6,24.7,65,Ambient,Long_Distance,LDPE_Bag,47,Medium,Medium,No
F01152,Mango,Fresh Produce,81.46,0.4,0.69,4.04,High,22,10.1,84,Chilled,Long_Distance,Breathable_PE,37,High,High,Yes
F01153,Carrot,Fresh Produce,87.65,0.35,1.04,6.04,High,27,5.4,86,Chilled,Long_Distance,Micro_Perforated_PE,38,High,High,Yes
F01154,Onion,Vegetable,87.13,0.05,1.03,5.62,Low,115,19.6,61,Ambient,Long_Distance,Breathable_PP,44,High,Medium,Yes
F01155,Rice,Grain,11.56,0.68,7.08,6.46,Very_Low,374,26.0,49,Ambient,Long_Distance,HDPE,70,Low,Low,No
F01156,Wheat Flour,Grain,11.87,1.48,13.1,6.13,Very_Low,173,25.3,54,Ambient,Normal,HDPE,79,Low,Low,No
F01157,Ground Coffee,Beverage,2.47,15.37,14.8,5.02,Very_Low,369,24.6,58,Ambient,Normal,High_Barrier_Laminate,93,Very_Low,Very_Low,No
F01158,Butter,Dairy,16.62,81.6,1.04,6.25,Very_Low,113,4.7,81,Chilled,Long_Distance,Aluminum_Foil_Laminate,94,Very_Low,Very_Low,No
F01159,Yogurt,Dairy,84.98,2.9,4.04,4.51,Very_Low,30,4.4,92,Chilled,Refrigerated,PP_Cup_Foil_Lid,50,Medium,Low,Yes
F01160,Fish,Seafood,73.62,4.83,19.93,6.24,Very_Low,3,2.7,75,Chilled,Refrigerated,PA_PE_Vacuum,88,Low,Very_Low,Yes
F01161,Potato Chips,Snacks,2.1,30.68,6.27,6.37,Very_Low,174,24.2,54,Ambient,Normal,Metallized_PET_PE,85,Low,Very_Low,Yes
F01162,Milk Powder,Dairy,4.28,26.29,25.13,6.6,Very_Low,383,24.4,65,Ambient,Normal,Aluminum_Laminate,112,Very_Low,Very_Low,No
F01163,Tomato,Fresh Produce,98.3,0.24,1.0,4.2,High,13,4.1,93,Chilled,Long_Distance,Micro_Perforated_PE,43,High,High,Yes
F01164,Apple,Fresh Produce,87.56,0.29,0.31,3.42,High,60,5.0,86,Chilled,Normal,Micro_Perforated_PE,35,High,High,Yes
F01165,Biscuits,Bakery,3.77,17.86,6.82,7.02,Very_Low,190,24.8,71,Ambient,Normal,BOPP_PE,65,Low,Low,No
F01166,Fresh Chicken,Meat,72.11,8.03,23.22,5.9,Very_Low,4,3.0,80,Chilled,Refrigerated,PA_PE_Vacuum,99,Low,Very_Low,Yes
F01167,Frozen Peas,Frozen Vegetable,80.1,0.51,5.8,6.07,Low,348,-18.3,89,Frozen,Normal,PE_Film,58,Medium,Low,Yes
F01168,Coffee Powder,Beverage,2.9,15.24,14.2,4.97,Very_Low,353,25.1,71,Ambient,Long_Distance,Metallized_PET_PE,84,Very_Low,Very_Low,No
F01169,Peanuts,Nuts,6.5,49.72,24.35,6.48,Very_Low,180,24.7,54,Ambient,Normal,Metallized_PET_PE,81,Very_Low,Very_Low,No
F01170,Cheese,Dairy,36.55,32.99,25.05,5.11,Very_Low,57,4.4,91,Chilled,Refrigerated,PA_PE_Vacuum,93,Low,Very_Low,Yes
F01171,Bread,Bakery,38.51,4.2,9.21,5.37,Very_Low,7,24.9,62,Ambient,Long_Distance,LDPE_Bag,55,Medium,Medium,No
F01172,Mango,Fresh Produce,82.81,0.32,0.62,3.95,High,22,9.6,85,Chilled,Long_Distance,Breathable_PE,39,High,High,Yes
F01173,Carrot,Fresh Produce,89.46,0.05,1.02,6.16,High,27,4.6,88,Chilled,Long_Distance,Micro_Perforated_PE,43,High,High,Yes
F01174,Onion,Vegetable,85.64,0.09,1.22,5.75,Low,126,19.8,70,Ambient,Long_Distance,Breathable_PP,55,High,Medium,Yes
F01175,Rice,Grain,12.23,0.78,7.17,6.39,Very_Low,354,25.7,60,Ambient,Long_Distance,HDPE,73,Low,Low,No
F01176,Wheat Flour,Grain,12.11,1.61,12.69,6.18,Very_Low,172,25.4,60,Ambient,Normal,HDPE,81,Low,Low,No
F01177,Ground Coffee,Beverage,3.23,15.66,14.1,4.97,Very_Low,334,25.0,66,Ambient,Long_Distance,High_Barrier_Laminate,95,Very_Low,Very_Low,No
F01178,Butter,Dairy,16.27,82.96,0.94,6.2,Very_Low,111,4.9,93,Chilled,Refrigerated,Aluminum_Foil_Laminate,83,Very_Low,Very_Low,No
F01179,Yogurt,Dairy,84.75,3.01,4.1,4.52,Very_Low,30,3.7,87,Chilled,Refrigerated,PP_Cup_Foil_Lid,53,Medium,Low,Yes
F01180,Fish,Seafood,73.92,5.05,19.59,6.07,Very_Low,4,1.3,95,Chilled,Normal,PA_PE_Vacuum,93,Low,Very_Low,Yes
F01181,Potato Chips,Snacks,1.93,28.49,6.09,6.03,Very_Low,181,25.1,67,Ambient,Normal,Metallized_PET_PE,89,Low,Very_Low,Yes
F01182,Milk Powder,Dairy,3.8,27.01,26.81,6.95,Very_Low,360,24.7,63,Ambient,Normal,Aluminum_Laminate,102,Very_Low,Very_Low,No
F01183,Tomato,Fresh Produce,95.38,0.15,0.86,4.43,High,14,5.2,77,Chilled,Refrigerated,Micro_Perforated_PE,38,High,High,Yes
F01184,Apple,Fresh Produce,86.84,0.02,0.13,3.44,High,57,4.8,87,Chilled,Refrigerated,Micro_Perforated_PE,46,High,High,Yes
F01185,Biscuits,Bakery,3.87,17.38,6.48,6.88,Very_Low,179,25.8,65,Ambient,Long_Distance,BOPP_PE,62,Low,Low,No
F01186,Fresh Chicken,Meat,74.82,7.78,22.56,6.01,Very_Low,5,5.0,83,Chilled,Normal,PA_PE_Vacuum,103,Low,Very_Low,Yes
F01187,Frozen Peas,Frozen Vegetable,83.02,0.38,5.69,5.96,Low,368,-18.3,80,Frozen,Long_Distance,PE_Film,73,Medium,Low,Yes
F01188,Coffee Powder,Beverage,2.98,14.56,14.26,5.17,Very_Low,361,24.6,61,Ambient,Normal,Metallized_PET_PE,80,Very_Low,Very_Low,No
F01189,Peanuts,Nuts,6.14,45.0,25.12,6.36,Very_Low,183,24.5,53,Ambient,Normal,Metallized_PET_PE,79,Very_Low,Very_Low,No
F01190,Cheese,Dairy,35.94,34.87,23.92,5.23,Very_Low,60,4.0,95,Chilled,Normal,PA_PE_Vacuum,77,Low,Very_Low,Yes
F01191,Bread,Bakery,36.65,4.27,8.95,5.36,Very_Low,7,25.0,47,Ambient,Normal,LDPE_Bag,50,Medium,Medium,No
F01192,Mango,Fresh Produce,82.3,0.44,0.67,3.85,High,19,10.3,87,Chilled,Long_Distance,Breathable_PE,36,High,High,Yes
F01193,Carrot,Fresh Produce,88.62,0.19,0.65,6.06,High,32,5.1,76,Chilled,Refrigerated,Micro_Perforated_PE,37,High,High,Yes
F01194,Onion,Vegetable,88.38,0.22,1.11,5.42,Low,136,20.7,61,Ambient,Long_Distance,Breathable_PP,54,High,Medium,Yes
F01195,Rice,Grain,12.2,0.62,7.05,6.66,Very_Low,346,25.0,58,Ambient,Normal,HDPE,77,Low,Low,No
F01196,Wheat Flour,Grain,11.82,1.54,13.05,5.99,Very_Low,195,24.7,38,Ambient,Long_Distance,HDPE,78,Low,Low,No
F01197,Ground Coffee,Beverage,3.32,14.99,13.86,5.07,Very_Low,370,25.5,70,Ambient,Long_Distance,High_Barrier_Laminate,92,Very_Low,Very_Low,No
F01198,Butter,Dairy,15.51,83.88,0.83,6.27,Very_Low,129,3.7,90,Chilled,Refrigerated,Aluminum_Foil_Laminate,88,Very_Low,Very_Low,No
F01199,Yogurt,Dairy,85.75,3.01,4.13,4.4,Very_Low,29,3.3,84,Chilled,Long_Distance,PP_Cup_Foil_Lid,53,Medium,Low,Yes
F01200,Fish,Seafood,76.68,4.59,20.71,6.26,Very_Low,6,1.9,68,Chilled,Long_Distance,PA_PE_Vacuum,92,Low,Very_Low,Yes
